runId,extensionVersion,startedAtMs,startedAtKst,finishedAtMs,finishedAtKst,finalState,eventCount,droppedCount,targetUrl,reservationDate,personCount,openAtMs,openAtKst,stopAtMs,stopAtKst,timeRangeStartMinutes,timeRangeEndMinutes,configJson,seq,code,severity,component,localAtMs,localAtKst,serverAtMs,serverAtKst,state,message,errorName,errorMessage,errorStack,attr.adjacentClickOk,attr.adjacentClickedAt,attr.adjacentDate,attr.adjacentPlannedAt,attr.arrivalAt,attr.availableCount,attr.availableMinutes,attr.availableSlotCount,attr.bodyReadCompletedMonoMs,attr.bodyToWakeMs,attr.bridgeDelayMs,attr.bridgeReceivedMonoMs,attr.claimAgreement,attr.claimSource,attr.classification,attr.clockArmLeadMs,attr.clockClusterSeparationMs,attr.clockCompetingSupport,attr.clockConfidence,attr.clockDominantSupport,attr.clockMedianRttMs,attr.clockObservationSpanMs,attr.clockOffsetCenterMs,attr.clockOffsetLowerMs,attr.clockOffsetMs,attr.clockOffsetUpperMs,attr.clockP95RttMs,attr.clockPhase,attr.clockSampleCount,attr.clockSource,attr.clockUncertaintyMs,attr.correlationId,attr.correlationQuality,attr.cycle,attr.eventKind,attr.matchedSlotCount,attr.matchesTarget,attr.payloadClassifiedMonoMs,attr.personCount,attr.phase,attr.requestDate,attr.requestSentMonoMs,attr.requestSequence,attr.responseCompletedMonoMs,attr.responseStatus,attr.result,attr.selectedMinutes,attr.sequence,attr.slotScanCount,attr.stale,attr.state,attr.targetClickOk,attr.targetClickedAt,attr.targetPlannedAt,attr.targetSelectedAt,attr.wakeAccepted,attr.wakeAtMonoMs,attr.wakeCorrelationQuality,attr.wakeDiscardReason,attr.wakeFallbackUsed,attr.wakeRequestSequence,attr.wakeUsed,attr.watch
run-4cf761da-8102-4971-9adf-ee9084fb3778,0.2.0,"=""1784109525774""","=""2026-07-15 18:58:45.774""","=""1784109632131""","=""2026-07-15 19:00:32.131""",STOPPED,29,0,https://app.catchtable.co.kr/ct/shop/yunjudang_,2026-08-01,2,"=""1784109600000""","=""2026-07-15 19:00:00.000""","=""1784110200000""","=""2026-07-15 19:10:00.000""",900,1200,"{""dryRun"":false,""entryMode"":""auto"",""menuKeyword"":"""",""openAtMs"":1784109600000,""paymentMethodAutoAdvance"":false,""paymentMethodPolicy"":""selected_allowed"",""personCount"":2,""postSlotEnabled"":true,""preOpenLeadMs"":200,""priorityTimes"":[],""reservationDate"":""2026-08-01"",""stopAtMs"":1784110200000,""tablePreference"":""any"",""targetUrl"":""https://app.catchtable.co.kr/ct/shop/yunjudang_"",""timeRange"":{""endMinutes"":1200,""startMinutes"":900},""toggleIntervalMs"":100}",1,RUN_STARTED,info,content,"=""1784109525775""","=""2026-07-15 18:58:45.775""",,,,실행 추적을 시작했습니다.,,,,,,,,,,,,,,,,,,,,,,,,,,,,,,,,,,,,,,,,,,,,,,,,,,,,,,,,,,,,,,,,,,
run-4cf761da-8102-4971-9adf-ee9084fb3778,0.2.0,"=""1784109525774""","=""2026-07-15 18:58:45.774""","=""1784109632131""","=""2026-07-15 19:00:32.131""",STOPPED,29,0,https://app.catchtable.co.kr/ct/shop/yunjudang_,2026-08-01,2,"=""1784109600000""","=""2026-07-15 19:00:00.000""","=""1784110200000""","=""2026-07-15 19:10:00.000""",900,1200,"{""dryRun"":false,""entryMode"":""auto"",""menuKeyword"":"""",""openAtMs"":1784109600000,""paymentMethodAutoAdvance"":false,""paymentMethodPolicy"":""selected_allowed"",""personCount"":2,""postSlotEnabled"":true,""preOpenLeadMs"":200,""priorityTimes"":[],""reservationDate"":""2026-08-01"",""stopAtMs"":1784110200000,""tablePreference"":""any"",""targetUrl"":""https://app.catchtable.co.kr/ct/shop/yunjudang_"",""timeRange"":{""endMinutes"":1200,""startMinutes"":900},""toggleIntervalMs"":100}",2,STATE_CHANGED,trace,content,"=""1784109525777""","=""2026-07-15 18:58:45.777""",,,CONFIGURED,예약 설정을 불러왔습니다.,,,,,,,,,,,,,,,,,,,,,,,,,,,,,,,,,,,,,,state,,,,,,,,,,,,,,,,CONFIGURED,,,,,,,,,,,,
run-4cf761da-8102-4971-9adf-ee9084fb3778,0.2.0,"=""1784109525774""","=""2026-07-15 18:58:45.774""","=""1784109632131""","=""2026-07-15 19:00:32.131""",STOPPED,29,0,https://app.catchtable.co.kr/ct/shop/yunjudang_,2026-08-01,2,"=""1784109600000""","=""2026-07-15 19:00:00.000""","=""1784110200000""","=""2026-07-15 19:10:00.000""",900,1200,"{""dryRun"":false,""entryMode"":""auto"",""menuKeyword"":"""",""openAtMs"":1784109600000,""paymentMethodAutoAdvance"":false,""paymentMethodPolicy"":""selected_allowed"",""personCount"":2,""postSlotEnabled"":true,""preOpenLeadMs"":200,""priorityTimes"":[],""reservationDate"":""2026-08-01"",""stopAtMs"":1784110200000,""tablePreference"":""any"",""targetUrl"":""https://app.catchtable.co.kr/ct/shop/yunjudang_"",""timeRange"":{""endMinutes"":1200,""startMinutes"":900},""toggleIntervalMs"":100}",3,STATE_CHANGED,trace,content,"=""1784109525777""","=""2026-07-15 18:58:45.777""",,,VALIDATING,예약 설정과 실행 조건을 검증합니다.,,,,,,,,,,,,,,,,,,,,,,,,,,,,,,,,,,,,,,state,,,,,,,,,,,,,,,,VALIDATING,,,,,,,,,,,,
run-4cf761da-8102-4971-9adf-ee9084fb3778,0.2.0,"=""1784109525774""","=""2026-07-15 18:58:45.774""","=""1784109632131""","=""2026-07-15 19:00:32.131""",STOPPED,29,0,https://app.catchtable.co.kr/ct/shop/yunjudang_,2026-08-01,2,"=""1784109600000""","=""2026-07-15 19:00:00.000""","=""1784110200000""","=""2026-07-15 19:10:00.000""",900,1200,"{""dryRun"":false,""entryMode"":""auto"",""menuKeyword"":"""",""openAtMs"":1784109600000,""paymentMethodAutoAdvance"":false,""paymentMethodPolicy"":""selected_allowed"",""personCount"":2,""postSlotEnabled"":true,""preOpenLeadMs"":200,""priorityTimes"":[],""reservationDate"":""2026-08-01"",""stopAtMs"":1784110200000,""tablePreference"":""any"",""targetUrl"":""https://app.catchtable.co.kr/ct/shop/yunjudang_"",""timeRange"":{""endMinutes"":1200,""startMinutes"":900},""toggleIntervalMs"":100}",4,STATE_CHANGED,trace,content,"=""1784109525778""","=""2026-07-15 18:58:45.778""",,,SYNCING_CLOCK,캐치테이블 서버 시계를 측정합니다.,,,,,,,,,,,,,,,,,,,,,,,,,,,,,,,,,,,,,,state,,,,,,,,,,,,,,,,SYNCING_CLOCK,,,,,,,,,,,,
run-4cf761da-8102-4971-9adf-ee9084fb3778,0.2.0,"=""1784109525774""","=""2026-07-15 18:58:45.774""","=""1784109632131""","=""2026-07-15 19:00:32.131""",STOPPED,29,0,https://app.catchtable.co.kr/ct/shop/yunjudang_,2026-08-01,2,"=""1784109600000""","=""2026-07-15 19:00:00.000""","=""1784110200000""","=""2026-07-15 19:10:00.000""",900,1200,"{""dryRun"":false,""entryMode"":""auto"",""menuKeyword"":"""",""openAtMs"":1784109600000,""paymentMethodAutoAdvance"":false,""paymentMethodPolicy"":""selected_allowed"",""personCount"":2,""postSlotEnabled"":true,""preOpenLeadMs"":200,""priorityTimes"":[],""reservationDate"":""2026-08-01"",""stopAtMs"":1784110200000,""tablePreference"":""any"",""targetUrl"":""https://app.catchtable.co.kr/ct/shop/yunjudang_"",""timeRange"":{""endMinutes"":1200,""startMinutes"":900},""toggleIntervalMs"":100}",5,CLOCK_SYNCED,trace,content,"=""1784109525844""","=""2026-07-15 18:58:45.844""","=""1784109526533.35""","=""2026-07-15 18:58:46.533""",,서버 시계 보정을 완료했습니다.,,,,,,,,,,,,,,,,,,,,-1,0,LOW,1,63.89999999944121,63.89999999944121,1784109525792.05,1784109525260.1,690,1784109526324,63.89999999944121,bootstrap,1,APP_HEAD_HTTP_DATE,531.949951171875,,,,metric,,,,,,,,,,,,,,,,,,,,,,,,,,,,
run-4cf761da-8102-4971-9adf-ee9084fb3778,0.2.0,"=""1784109525774""","=""2026-07-15 18:58:45.774""","=""1784109632131""","=""2026-07-15 19:00:32.131""",STOPPED,29,0,https://app.catchtable.co.kr/ct/shop/yunjudang_,2026-08-01,2,"=""1784109600000""","=""2026-07-15 19:00:00.000""","=""1784110200000""","=""2026-07-15 19:10:00.000""",900,1200,"{""dryRun"":false,""entryMode"":""auto"",""menuKeyword"":"""",""openAtMs"":1784109600000,""paymentMethodAutoAdvance"":false,""paymentMethodPolicy"":""selected_allowed"",""personCount"":2,""postSlotEnabled"":true,""preOpenLeadMs"":200,""priorityTimes"":[],""reservationDate"":""2026-08-01"",""stopAtMs"":1784110200000,""tablePreference"":""any"",""targetUrl"":""https://app.catchtable.co.kr/ct/shop/yunjudang_"",""timeRange"":{""endMinutes"":1200,""startMinutes"":900},""toggleIntervalMs"":100}",6,STATE_CHANGED,trace,content,"=""1784109525845""","=""2026-07-15 18:58:45.845""","=""1784109526534.65""","=""2026-07-15 18:58:46.534""",ENTERING_RESERVATION,예약창 진입 상태를 확인합니다.,,,,,,,,,,,,,,,,,,,,,,,,,,,,,,,,,,,,,,state,,,,,,,,,,,,,,,,ENTERING_RESERVATION,,,,,,,,,,,,
run-4cf761da-8102-4971-9adf-ee9084fb3778,0.2.0,"=""1784109525774""","=""2026-07-15 18:58:45.774""","=""1784109632131""","=""2026-07-15 19:00:32.131""",STOPPED,29,0,https://app.catchtable.co.kr/ct/shop/yunjudang_,2026-08-01,2,"=""1784109600000""","=""2026-07-15 19:00:00.000""","=""1784110200000""","=""2026-07-15 19:10:00.000""",900,1200,"{""dryRun"":false,""entryMode"":""auto"",""menuKeyword"":"""",""openAtMs"":1784109600000,""paymentMethodAutoAdvance"":false,""paymentMethodPolicy"":""selected_allowed"",""personCount"":2,""postSlotEnabled"":true,""preOpenLeadMs"":200,""priorityTimes"":[],""reservationDate"":""2026-08-01"",""stopAtMs"":1784110200000,""tablePreference"":""any"",""targetUrl"":""https://app.catchtable.co.kr/ct/shop/yunjudang_"",""timeRange"":{""endMinutes"":1200,""startMinutes"":900},""toggleIntervalMs"":100}",7,ACTION_PERFORMED,trace,content,"=""1784109529976""","=""2026-07-15 18:58:49.976""","=""1784109530618.55""","=""2026-07-15 18:58:50.618""",,예약하기 버튼을 클릭했습니다.,,,,,,,,,,,,,,,,,,,,,,,,,,,,,,,,,,,,,,action,,,,,,,,,,,,,,,,,,,,,,,,,,,,
run-4cf761da-8102-4971-9adf-ee9084fb3778,0.2.0,"=""1784109525774""","=""2026-07-15 18:58:45.774""","=""1784109632131""","=""2026-07-15 19:00:32.131""",STOPPED,29,0,https://app.catchtable.co.kr/ct/shop/yunjudang_,2026-08-01,2,"=""1784109600000""","=""2026-07-15 19:00:00.000""","=""1784110200000""","=""2026-07-15 19:10:00.000""",900,1200,"{""dryRun"":false,""entryMode"":""auto"",""menuKeyword"":"""",""openAtMs"":1784109600000,""paymentMethodAutoAdvance"":false,""paymentMethodPolicy"":""selected_allowed"",""personCount"":2,""postSlotEnabled"":true,""preOpenLeadMs"":200,""priorityTimes"":[],""reservationDate"":""2026-08-01"",""stopAtMs"":1784110200000,""tablePreference"":""any"",""targetUrl"":""https://app.catchtable.co.kr/ct/shop/yunjudang_"",""timeRange"":{""endMinutes"":1200,""startMinutes"":900},""toggleIntervalMs"":100}",8,AVAILABILITY_SHADOW,trace,content,"=""1784109530703""","=""2026-07-15 18:58:50.703""","=""1784109531007.1003""","=""2026-07-15 18:58:51.007""",ENTERING_RESERVATION,슬롯 응답 shadow를 EMPTY로 분류했습니다.,,,,,,,,,0,,,5547.699999999255,0.7000000001862645,51,5599.299999999814,,none,EMPTY,,,,,,,,,,,,,,,,,,NONE,,,,false,5548.299999999814,2,body,260716,5440.5999999996275,1,5547.699999999255,200,,,1,,false,,,,,,false,5600,,untrusted_quality,,,,
run-4cf761da-8102-4971-9adf-ee9084fb3778,0.2.0,"=""1784109525774""","=""2026-07-15 18:58:45.774""","=""1784109632131""","=""2026-07-15 19:00:32.131""",STOPPED,29,0,https://app.catchtable.co.kr/ct/shop/yunjudang_,2026-08-01,2,"=""1784109600000""","=""2026-07-15 19:00:00.000""","=""1784110200000""","=""2026-07-15 19:10:00.000""",900,1200,"{""dryRun"":false,""entryMode"":""auto"",""menuKeyword"":"""",""openAtMs"":1784109600000,""paymentMethodAutoAdvance"":false,""paymentMethodPolicy"":""selected_allowed"",""personCount"":2,""postSlotEnabled"":true,""preOpenLeadMs"":200,""priorityTimes"":[],""reservationDate"":""2026-08-01"",""stopAtMs"":1784110200000,""tablePreference"":""any"",""targetUrl"":""https://app.catchtable.co.kr/ct/shop/yunjudang_"",""timeRange"":{""endMinutes"":1200,""startMinutes"":900},""toggleIntervalMs"":100}",9,STATE_CHANGED,trace,content,"=""1784109530892""","=""2026-07-15 18:58:50.892""","=""1784109531196.6003""","=""2026-07-15 18:58:51.196""",SELECTING_DATE,목표 월과 예약 날짜를 준비합니다.,,,,,,,,,,,,,,,,,,,,,,,,,,,,,,,,,,,,,,state,,,,,,,,,,,,,,,,SELECTING_DATE,,,,,,,,,,,,
run-4cf761da-8102-4971-9adf-ee9084fb3778,0.2.0,"=""1784109525774""","=""2026-07-15 18:58:45.774""","=""1784109632131""","=""2026-07-15 19:00:32.131""",STOPPED,29,0,https://app.catchtable.co.kr/ct/shop/yunjudang_,2026-08-01,2,"=""1784109600000""","=""2026-07-15 19:00:00.000""","=""1784110200000""","=""2026-07-15 19:10:00.000""",900,1200,"{""dryRun"":false,""entryMode"":""auto"",""menuKeyword"":"""",""openAtMs"":1784109600000,""paymentMethodAutoAdvance"":false,""paymentMethodPolicy"":""selected_allowed"",""personCount"":2,""postSlotEnabled"":true,""preOpenLeadMs"":200,""priorityTimes"":[],""reservationDate"":""2026-08-01"",""stopAtMs"":1784110200000,""tablePreference"":""any"",""targetUrl"":""https://app.catchtable.co.kr/ct/shop/yunjudang_"",""timeRange"":{""endMinutes"":1200,""startMinutes"":900},""toggleIntervalMs"":100}",10,ACTION_PERFORMED,trace,content,"=""1784109530983""","=""2026-07-15 18:58:50.983""","=""1784109531287.9001""","=""2026-07-15 18:58:51.287""",,2026-08-01 날짜를 선택했습니다.,,,,,,,,,,,,,,,,,,,,,,,,,,,,,,,,,,,,,,action,,,,,,,,,,,,,,,,,,,,,,,,,,,,
run-4cf761da-8102-4971-9adf-ee9084fb3778,0.2.0,"=""1784109525774""","=""2026-07-15 18:58:45.774""","=""1784109632131""","=""2026-07-15 19:00:32.131""",STOPPED,29,0,https://app.catchtable.co.kr/ct/shop/yunjudang_,2026-08-01,2,"=""1784109600000""","=""2026-07-15 19:00:00.000""","=""1784110200000""","=""2026-07-15 19:10:00.000""",900,1200,"{""dryRun"":false,""entryMode"":""auto"",""menuKeyword"":"""",""openAtMs"":1784109600000,""paymentMethodAutoAdvance"":false,""paymentMethodPolicy"":""selected_allowed"",""personCount"":2,""postSlotEnabled"":true,""preOpenLeadMs"":200,""priorityTimes"":[],""reservationDate"":""2026-08-01"",""stopAtMs"":1784110200000,""tablePreference"":""any"",""targetUrl"":""https://app.catchtable.co.kr/ct/shop/yunjudang_"",""timeRange"":{""endMinutes"":1200,""startMinutes"":900},""toggleIntervalMs"":100}",11,AVAILABILITY_SHADOW,trace,content,"=""1784109531652""","=""2026-07-15 18:58:51.652""","=""1784109531956.1003""","=""2026-07-15 18:58:51.956""",SELECTING_DATE,슬롯 응답 shadow를 EMPTY로 분류했습니다.,,,,,,,,,0,,,6454.699999999255,0,94.30000000074506,6549,,none,EMPTY,,,,,,,,,,,,,,,,,,NONE,,,,false,6454.699999999255,2,body,260801,6386.799999999814,2,6454.699999999255,200,,,2,,false,,,,,,false,6549,,untrusted_quality,,,,
run-4cf761da-8102-4971-9adf-ee9084fb3778,0.2.0,"=""1784109525774""","=""2026-07-15 18:58:45.774""","=""1784109632131""","=""2026-07-15 19:00:32.131""",STOPPED,29,0,https://app.catchtable.co.kr/ct/shop/yunjudang_,2026-08-01,2,"=""1784109600000""","=""2026-07-15 19:00:00.000""","=""1784110200000""","=""2026-07-15 19:10:00.000""",900,1200,"{""dryRun"":false,""entryMode"":""auto"",""menuKeyword"":"""",""openAtMs"":1784109600000,""paymentMethodAutoAdvance"":false,""paymentMethodPolicy"":""selected_allowed"",""personCount"":2,""postSlotEnabled"":true,""preOpenLeadMs"":200,""priorityTimes"":[],""reservationDate"":""2026-08-01"",""stopAtMs"":1784110200000,""tablePreference"":""any"",""targetUrl"":""https://app.catchtable.co.kr/ct/shop/yunjudang_"",""timeRange"":{""endMinutes"":1200,""startMinutes"":900},""toggleIntervalMs"":100}",12,STATE_CHANGED,trace,content,"=""1784109532911""","=""2026-07-15 18:58:52.911""","=""1784109533215.3003""","=""2026-07-15 18:58:53.215""",SELECTING_PERSON,예약 인원을 준비합니다.,,,,,,,,,,,,,,,,,,,,,,,,,,,,,,,,,,,,,,state,,,,,,,,,,,,,,,,SELECTING_PERSON,,,,,,,,,,,,
run-4cf761da-8102-4971-9adf-ee9084fb3778,0.2.0,"=""1784109525774""","=""2026-07-15 18:58:45.774""","=""1784109632131""","=""2026-07-15 19:00:32.131""",STOPPED,29,0,https://app.catchtable.co.kr/ct/shop/yunjudang_,2026-08-01,2,"=""1784109600000""","=""2026-07-15 19:00:00.000""","=""1784110200000""","=""2026-07-15 19:10:00.000""",900,1200,"{""dryRun"":false,""entryMode"":""auto"",""menuKeyword"":"""",""openAtMs"":1784109600000,""paymentMethodAutoAdvance"":false,""paymentMethodPolicy"":""selected_allowed"",""personCount"":2,""postSlotEnabled"":true,""preOpenLeadMs"":200,""priorityTimes"":[],""reservationDate"":""2026-08-01"",""stopAtMs"":1784110200000,""tablePreference"":""any"",""targetUrl"":""https://app.catchtable.co.kr/ct/shop/yunjudang_"",""timeRange"":{""endMinutes"":1200,""startMinutes"":900},""toggleIntervalMs"":100}",13,STATE_CHANGED,trace,content,"=""1784109532963""","=""2026-07-15 18:58:52.963""","=""1784109533267.3003""","=""2026-07-15 18:58:53.267""",PREPARING_PAGE,예약 모달과 목표 날짜를 확인합니다.,,,,,,,,,,,,,,,,,,,,,,,,,,,,,,,,,,,,,,state,,,,,,,,,,,,,,,,PREPARING_PAGE,,,,,,,,,,,,
run-4cf761da-8102-4971-9adf-ee9084fb3778,0.2.0,"=""1784109525774""","=""2026-07-15 18:58:45.774""","=""1784109632131""","=""2026-07-15 19:00:32.131""",STOPPED,29,0,https://app.catchtable.co.kr/ct/shop/yunjudang_,2026-08-01,2,"=""1784109600000""","=""2026-07-15 19:00:00.000""","=""1784110200000""","=""2026-07-15 19:10:00.000""",900,1200,"{""dryRun"":false,""entryMode"":""auto"",""menuKeyword"":"""",""openAtMs"":1784109600000,""paymentMethodAutoAdvance"":false,""paymentMethodPolicy"":""selected_allowed"",""personCount"":2,""postSlotEnabled"":true,""preOpenLeadMs"":200,""priorityTimes"":[],""reservationDate"":""2026-08-01"",""stopAtMs"":1784110200000,""tablePreference"":""any"",""targetUrl"":""https://app.catchtable.co.kr/ct/shop/yunjudang_"",""timeRange"":{""endMinutes"":1200,""startMinutes"":900},""toggleIntervalMs"":100}",14,STATE_CHANGED,trace,content,"=""1784109533007""","=""2026-07-15 18:58:53.007""","=""1784109533311.8003""","=""2026-07-15 18:58:53.311""",WAITING_FOR_OPEN,예약 오픈 직전까지 대기합니다.,,,,,,,,,,,,,,,,,,,,,,,,,,,,,,,,,,,,,,state,,,,,,,,,,,,,,,,WAITING_FOR_OPEN,,,,,,,,,,,,
run-4cf761da-8102-4971-9adf-ee9084fb3778,0.2.0,"=""1784109525774""","=""2026-07-15 18:58:45.774""","=""1784109632131""","=""2026-07-15 19:00:32.131""",STOPPED,29,0,https://app.catchtable.co.kr/ct/shop/yunjudang_,2026-08-01,2,"=""1784109600000""","=""2026-07-15 19:00:00.000""","=""1784110200000""","=""2026-07-15 19:10:00.000""",900,1200,"{""dryRun"":false,""entryMode"":""auto"",""menuKeyword"":"""",""openAtMs"":1784109600000,""paymentMethodAutoAdvance"":false,""paymentMethodPolicy"":""selected_allowed"",""personCount"":2,""postSlotEnabled"":true,""preOpenLeadMs"":200,""priorityTimes"":[],""reservationDate"":""2026-08-01"",""stopAtMs"":1784110200000,""tablePreference"":""any"",""targetUrl"":""https://app.catchtable.co.kr/ct/shop/yunjudang_"",""timeRange"":{""endMinutes"":1200,""startMinutes"":900},""toggleIntervalMs"":100}",15,CLOCK_SYNCED,trace,content,"=""1784109533073""","=""2026-07-15 18:58:53.073""","=""1784109533377.1003""","=""2026-07-15 18:58:53.377""",,예약 오픈 직전 진입 시점을 결정했습니다.,,,,,,,,,,,,,,,,,,,467.39997558575124,-1,0,MEDIUM,4,83.14999999990687,4873.0999999996275,1784109525406.7002,1784109525260.1,304,1784109525553.3,120.79999999981374,armed,4,APP_HEAD_HTTP_DATE,146.5999755859375,,,,metric,,,,,,,,,,,,,,,,,,,,,,,,,,,,
run-4cf761da-8102-4971-9adf-ee9084fb3778,0.2.0,"=""1784109525774""","=""2026-07-15 18:58:45.774""","=""1784109632131""","=""2026-07-15 19:00:32.131""",STOPPED,29,0,https://app.catchtable.co.kr/ct/shop/yunjudang_,2026-08-01,2,"=""1784109600000""","=""2026-07-15 19:00:00.000""","=""1784110200000""","=""2026-07-15 19:10:00.000""",900,1200,"{""dryRun"":false,""entryMode"":""auto"",""menuKeyword"":"""",""openAtMs"":1784109600000,""paymentMethodAutoAdvance"":false,""paymentMethodPolicy"":""selected_allowed"",""personCount"":2,""postSlotEnabled"":true,""preOpenLeadMs"":200,""priorityTimes"":[],""reservationDate"":""2026-08-01"",""stopAtMs"":1784110200000,""tablePreference"":""any"",""targetUrl"":""https://app.catchtable.co.kr/ct/shop/yunjudang_"",""timeRange"":{""endMinutes"":1200,""startMinutes"":900},""toggleIntervalMs"":100}",16,STATE_CHANGED,trace,content,"=""1784109599880""","=""2026-07-15 18:59:59.880""","=""1784109600184.3003""","=""2026-07-15 19:00:00.184""",REFRESHING_SLOTS,날짜 토글로 예약 슬롯을 갱신합니다.,,,,,,,,,,,,,,,,,,,,,,,,,,,,,,,,,,,,,,state,,,,,,,,,,,,,,,,REFRESHING_SLOTS,,,,,,,,,,,,
run-4cf761da-8102-4971-9adf-ee9084fb3778,0.2.0,"=""1784109525774""","=""2026-07-15 18:58:45.774""","=""1784109632131""","=""2026-07-15 19:00:32.131""",STOPPED,29,0,https://app.catchtable.co.kr/ct/shop/yunjudang_,2026-08-01,2,"=""1784109600000""","=""2026-07-15 19:00:00.000""","=""1784110200000""","=""2026-07-15 19:10:00.000""",900,1200,"{""dryRun"":false,""entryMode"":""auto"",""menuKeyword"":"""",""openAtMs"":1784109600000,""paymentMethodAutoAdvance"":false,""paymentMethodPolicy"":""selected_allowed"",""personCount"":2,""postSlotEnabled"":true,""preOpenLeadMs"":200,""priorityTimes"":[],""reservationDate"":""2026-08-01"",""stopAtMs"":1784110200000,""tablePreference"":""any"",""targetUrl"":""https://app.catchtable.co.kr/ct/shop/yunjudang_"",""timeRange"":{""endMinutes"":1200,""startMinutes"":900},""toggleIntervalMs"":100}",17,AVAILABILITY_SHADOW,trace,content,"=""1784109601512""","=""2026-07-15 19:00:01.512""","=""1784109601816.8003""","=""2026-07-15 19:00:01.816""",REFRESHING_SLOTS,슬롯 응답 shadow를 EMPTY로 분류했습니다.,,,,,,,,,0,,,76348.5,0.20000000018626451,61.200000000186265,76409.79999999981,,none,EMPTY,,,,,,,,,,,,,,,,,cycle:1:request:3,EXACT,1,,,true,76348.59999999963,2,body,260801,76304.89999999944,3,76348.5,200,,,3,,false,,,,,,false,76410,,no_matching_slot,,,,
run-4cf761da-8102-4971-9adf-ee9084fb3778,0.2.0,"=""1784109525774""","=""2026-07-15 18:58:45.774""","=""1784109632131""","=""2026-07-15 19:00:32.131""",STOPPED,29,0,https://app.catchtable.co.kr/ct/shop/yunjudang_,2026-08-01,2,"=""1784109600000""","=""2026-07-15 19:00:00.000""","=""1784110200000""","=""2026-07-15 19:10:00.000""",900,1200,"{""dryRun"":false,""entryMode"":""auto"",""menuKeyword"":"""",""openAtMs"":1784109600000,""paymentMethodAutoAdvance"":false,""paymentMethodPolicy"":""selected_allowed"",""personCount"":2,""postSlotEnabled"":true,""preOpenLeadMs"":200,""priorityTimes"":[],""reservationDate"":""2026-08-01"",""stopAtMs"":1784110200000,""tablePreference"":""any"",""targetUrl"":""https://app.catchtable.co.kr/ct/shop/yunjudang_"",""timeRange"":{""endMinutes"":1200,""startMinutes"":900},""toggleIntervalMs"":100}",18,DATE_TOGGLE_CYCLE,trace,content,"=""1784109601893""","=""2026-07-15 19:00:01.893""","=""1784109602197.2002""","=""2026-07-15 19:00:02.197""",REFRESHING_SLOTS,날짜 토글 #1: NO_SLOT,,,,true,1784109601202.7002,2026-07-31,1784109600260,1784109601755.6003,,,0,,,,,,,,,,,,,,,,,,,,,,,,,,1,,0,,,,precision,,,,,,NO_SLOT,,,1,,,true,1784109601455.6003,1784109600300,1784109602196.7002,,,,,true,,false,live
run-4cf761da-8102-4971-9adf-ee9084fb3778,0.2.0,"=""1784109525774""","=""2026-07-15 18:58:45.774""","=""1784109632131""","=""2026-07-15 19:00:32.131""",STOPPED,29,0,https://app.catchtable.co.kr/ct/shop/yunjudang_,2026-08-01,2,"=""1784109600000""","=""2026-07-15 19:00:00.000""","=""1784110200000""","=""2026-07-15 19:10:00.000""",900,1200,"{""dryRun"":false,""entryMode"":""auto"",""menuKeyword"":"""",""openAtMs"":1784109600000,""paymentMethodAutoAdvance"":false,""paymentMethodPolicy"":""selected_allowed"",""personCount"":2,""postSlotEnabled"":true,""preOpenLeadMs"":200,""priorityTimes"":[],""reservationDate"":""2026-08-01"",""stopAtMs"":1784110200000,""tablePreference"":""any"",""targetUrl"":""https://app.catchtable.co.kr/ct/shop/yunjudang_"",""timeRange"":{""endMinutes"":1200,""startMinutes"":900},""toggleIntervalMs"":100}",19,AVAILABILITY_SHADOW,trace,content,"=""1784109603517""","=""2026-07-15 19:00:03.517""","=""1784109603821.2002""","=""2026-07-15 19:00:03.821""",REFRESHING_SLOTS,슬롯 응답 shadow를 EMPTY로 분류했습니다.,,,,,,,,,0,,,78348.69999999925,0.20000000018626451,65.6000000005588,78414.29999999981,,none,EMPTY,,,,,,,,,,,,,,,,,cycle:2:request:4,EXACT,2,,,true,78348.69999999925,2,body,260801,78298.09999999963,4,78348.59999999963,200,,,4,,false,,,,,,false,78414.5,,no_matching_slot,,,,
run-4cf761da-8102-4971-9adf-ee9084fb3778,0.2.0,"=""1784109525774""","=""2026-07-15 18:58:45.774""","=""1784109632131""","=""2026-07-15 19:00:32.131""",STOPPED,29,0,https://app.catchtable.co.kr/ct/shop/yunjudang_,2026-08-01,2,"=""1784109600000""","=""2026-07-15 19:00:00.000""","=""1784110200000""","=""2026-07-15 19:10:00.000""",900,1200,"{""dryRun"":false,""entryMode"":""auto"",""menuKeyword"":"""",""openAtMs"":1784109600000,""paymentMethodAutoAdvance"":false,""paymentMethodPolicy"":""selected_allowed"",""personCount"":2,""postSlotEnabled"":true,""preOpenLeadMs"":200,""priorityTimes"":[],""reservationDate"":""2026-08-01"",""stopAtMs"":1784110200000,""tablePreference"":""any"",""targetUrl"":""https://app.catchtable.co.kr/ct/shop/yunjudang_"",""timeRange"":{""endMinutes"":1200,""startMinutes"":900},""toggleIntervalMs"":100}",20,DATE_TOGGLE_CYCLE,trace,content,"=""1784109603892""","=""2026-07-15 19:00:03.892""","=""1784109604196.5002""","=""2026-07-15 19:00:04.196""",REFRESHING_SLOTS,날짜 토글 #2: NO_SLOT,,,,true,1784109603202.6003,2026-07-31,1784109602407.3003,1784109603755.7002,,,0,,,,,,,,,,,,,,,,,,,,,,,,,,2,,0,,,,followup,,,,,,NO_SLOT,,,1,,,true,1784109603446.7002,1784109602447.3003,1784109604196.3003,,,,,true,,false,live
run-4cf761da-8102-4971-9adf-ee9084fb3778,0.2.0,"=""1784109525774""","=""2026-07-15 18:58:45.774""","=""1784109632131""","=""2026-07-15 19:00:32.131""",STOPPED,29,0,https://app.catchtable.co.kr/ct/shop/yunjudang_,2026-08-01,2,"=""1784109600000""","=""2026-07-15 19:00:00.000""","=""1784110200000""","=""2026-07-15 19:10:00.000""",900,1200,"{""dryRun"":false,""entryMode"":""auto"",""menuKeyword"":"""",""openAtMs"":1784109600000,""paymentMethodAutoAdvance"":false,""paymentMethodPolicy"":""selected_allowed"",""personCount"":2,""postSlotEnabled"":true,""preOpenLeadMs"":200,""priorityTimes"":[],""reservationDate"":""2026-08-01"",""stopAtMs"":1784110200000,""tablePreference"":""any"",""targetUrl"":""https://app.catchtable.co.kr/ct/shop/yunjudang_"",""timeRange"":{""endMinutes"":1200,""startMinutes"":900},""toggleIntervalMs"":100}",21,AVAILABILITY_SHADOW,trace,content,"=""1784109605493""","=""2026-07-15 19:00:05.493""","=""1784109605797.9004""","=""2026-07-15 19:00:05.797""",REFRESHING_SLOTS,슬롯 응답 shadow를 EMPTY로 분류했습니다.,,,,,,,,,0,,,80348.79999999981,0.19999999925494194,42.200000000186265,80391,,none,EMPTY,,,,,,,,,,,,,,,,,cycle:3:request:5,EXACT,3,,,true,80348.79999999981,2,body,260801,80295.89999999944,5,80348.79999999981,200,,,5,,false,,,,,,false,80391.19999999925,,no_matching_slot,,,,
run-4cf761da-8102-4971-9adf-ee9084fb3778,0.2.0,"=""1784109525774""","=""2026-07-15 18:58:45.774""","=""1784109632131""","=""2026-07-15 19:00:32.131""",STOPPED,29,0,https://app.catchtable.co.kr/ct/shop/yunjudang_,2026-08-01,2,"=""1784109600000""","=""2026-07-15 19:00:00.000""","=""1784110200000""","=""2026-07-15 19:10:00.000""",900,1200,"{""dryRun"":false,""entryMode"":""auto"",""menuKeyword"":"""",""openAtMs"":1784109600000,""paymentMethodAutoAdvance"":false,""paymentMethodPolicy"":""selected_allowed"",""personCount"":2,""postSlotEnabled"":true,""preOpenLeadMs"":200,""priorityTimes"":[],""reservationDate"":""2026-08-01"",""stopAtMs"":1784110200000,""tablePreference"":""any"",""targetUrl"":""https://app.catchtable.co.kr/ct/shop/yunjudang_"",""timeRange"":{""endMinutes"":1200,""startMinutes"":900},""toggleIntervalMs"":100}",22,DATE_TOGGLE_CYCLE,trace,content,"=""1784109616683""","=""2026-07-15 19:00:16.683""","=""1784109616987.8003""","=""2026-07-15 19:00:16.987""",REFRESHING_SLOTS,날짜 토글 #3: NO_SLOT,,,,true,1784109605210.8003,2026-07-31,1784109604407.0002,1784109605755.7002,,,0,,,,,,,,,,,,,,,,,,,,,,,,,,3,,0,,,,followup,,,,,,NO_SLOT,,,1,,,true,1784109605477.2002,1784109604447.0002,1784109616987.7002,,,,,true,,false,live
run-4cf761da-8102-4971-9adf-ee9084fb3778,0.2.0,"=""1784109525774""","=""2026-07-15 18:58:45.774""","=""1784109632131""","=""2026-07-15 19:00:32.131""",STOPPED,29,0,https://app.catchtable.co.kr/ct/shop/yunjudang_,2026-08-01,2,"=""1784109600000""","=""2026-07-15 19:00:00.000""","=""1784110200000""","=""2026-07-15 19:10:00.000""",900,1200,"{""dryRun"":false,""entryMode"":""auto"",""menuKeyword"":"""",""openAtMs"":1784109600000,""paymentMethodAutoAdvance"":false,""paymentMethodPolicy"":""selected_allowed"",""personCount"":2,""postSlotEnabled"":true,""preOpenLeadMs"":200,""priorityTimes"":[],""reservationDate"":""2026-08-01"",""stopAtMs"":1784110200000,""tablePreference"":""any"",""targetUrl"":""https://app.catchtable.co.kr/ct/shop/yunjudang_"",""timeRange"":{""endMinutes"":1200,""startMinutes"":900},""toggleIntervalMs"":100}",23,AVAILABILITY_SHADOW,trace,content,"=""1784109621412""","=""2026-07-15 19:00:21.412""","=""1784109621716.0002""","=""2026-07-15 19:00:21.716""",REFRESHING_SLOTS,슬롯 응답 shadow를 EMPTY로 분류했습니다.,,,,,,,,,0,,,96271.59999999963,0.10000000055879354,37.5,96309.19999999925,,none,EMPTY,,,,,,,,,,,,,,,,,cycle:4:request:6,EXACT,4,,,true,96271.69999999925,2,body,260801,96193.59999999963,6,96271.59999999963,200,,,6,,false,,,,,,false,96309.29999999981,,no_matching_slot,,,,
run-4cf761da-8102-4971-9adf-ee9084fb3778,0.2.0,"=""1784109525774""","=""2026-07-15 18:58:45.774""","=""1784109632131""","=""2026-07-15 19:00:32.131""",STOPPED,29,0,https://app.catchtable.co.kr/ct/shop/yunjudang_,2026-08-01,2,"=""1784109600000""","=""2026-07-15 19:00:00.000""","=""1784110200000""","=""2026-07-15 19:10:00.000""",900,1200,"{""dryRun"":false,""entryMode"":""auto"",""menuKeyword"":"""",""openAtMs"":1784109600000,""paymentMethodAutoAdvance"":false,""paymentMethodPolicy"":""selected_allowed"",""personCount"":2,""postSlotEnabled"":true,""preOpenLeadMs"":200,""priorityTimes"":[],""reservationDate"":""2026-08-01"",""stopAtMs"":1784110200000,""tablePreference"":""any"",""targetUrl"":""https://app.catchtable.co.kr/ct/shop/yunjudang_"",""timeRange"":{""endMinutes"":1200,""startMinutes"":900},""toggleIntervalMs"":100}",24,DATE_TOGGLE_CYCLE,trace,content,"=""1784109629625""","=""2026-07-15 19:00:29.625""","=""1784109629929.5002""","=""2026-07-15 19:00:29.929""",REFRESHING_SLOTS,날짜 토글 #4: NO_SLOT,,,,true,1784109621201.6003,2026-07-31,1784109617198.0002,1784109621678.7002,,,0,,,,,,,,,,,,,,,,,,,,,,,,,,4,,0,,,,followup,,,,,,NO_SLOT,,,1,,,true,1784109621402.6003,1784109617238.0002,1784109629929.5002,,,,,true,,false,live
run-4cf761da-8102-4971-9adf-ee9084fb3778,0.2.0,"=""1784109525774""","=""2026-07-15 18:58:45.774""","=""1784109632131""","=""2026-07-15 19:00:32.131""",STOPPED,29,0,https://app.catchtable.co.kr/ct/shop/yunjudang_,2026-08-01,2,"=""1784109600000""","=""2026-07-15 19:00:00.000""","=""1784110200000""","=""2026-07-15 19:10:00.000""",900,1200,"{""dryRun"":false,""entryMode"":""auto"",""menuKeyword"":"""",""openAtMs"":1784109600000,""paymentMethodAutoAdvance"":false,""paymentMethodPolicy"":""selected_allowed"",""personCount"":2,""postSlotEnabled"":true,""preOpenLeadMs"":200,""priorityTimes"":[],""reservationDate"":""2026-08-01"",""stopAtMs"":1784110200000,""tablePreference"":""any"",""targetUrl"":""https://app.catchtable.co.kr/ct/shop/yunjudang_"",""timeRange"":{""endMinutes"":1200,""startMinutes"":900},""toggleIntervalMs"":100}",25,AVAILABILITY_SHADOW,trace,content,"=""1784109629980""","=""2026-07-15 19:00:29.980""","=""1784109630284.2002""","=""2026-07-15 19:00:30.284""",REFRESHING_SLOTS,슬롯 응답 shadow를 IRRELEVANT로 분류했습니다.,,,,,,,,,0,,,104867.79999999981,0.09999999962747097,9.5,104877.29999999981,,none,IRRELEVANT,,,,,,,,,,,,,,,,,,NONE,,,,false,104867.79999999981,2,body,260731,104798.69999999925,7,104867.79999999981,0,,,7,,false,,,,,,false,104877.39999999944,,untrusted_quality,,,,
run-4cf761da-8102-4971-9adf-ee9084fb3778,0.2.0,"=""1784109525774""","=""2026-07-15 18:58:45.774""","=""1784109632131""","=""2026-07-15 19:00:32.131""",STOPPED,29,0,https://app.catchtable.co.kr/ct/shop/yunjudang_,2026-08-01,2,"=""1784109600000""","=""2026-07-15 19:00:00.000""","=""1784110200000""","=""2026-07-15 19:10:00.000""",900,1200,"{""dryRun"":false,""entryMode"":""auto"",""menuKeyword"":"""",""openAtMs"":1784109600000,""paymentMethodAutoAdvance"":false,""paymentMethodPolicy"":""selected_allowed"",""personCount"":2,""postSlotEnabled"":true,""preOpenLeadMs"":200,""priorityTimes"":[],""reservationDate"":""2026-08-01"",""stopAtMs"":1784110200000,""tablePreference"":""any"",""targetUrl"":""https://app.catchtable.co.kr/ct/shop/yunjudang_"",""timeRange"":{""endMinutes"":1200,""startMinutes"":900},""toggleIntervalMs"":100}",26,AVAILABILITY_SHADOW,trace,content,"=""1784109630030""","=""2026-07-15 19:00:30.030""","=""1784109630334.4004""","=""2026-07-15 19:00:30.334""",REFRESHING_SLOTS,슬롯 응답 shadow를 EMPTY로 분류했습니다.,,,,,,,,,0,,,104918.59999999963,0,9.099999999627471,104927.69999999925,,none,EMPTY,,,,,,,,,,,,,,,,,cycle:5:request:8,EXACT,5,,,true,104918.59999999963,2,body,260801,104868.69999999925,8,104918.59999999963,200,,,8,,false,,,,,,false,104927.69999999925,,no_matching_slot,,,,
run-4cf761da-8102-4971-9adf-ee9084fb3778,0.2.0,"=""1784109525774""","=""2026-07-15 18:58:45.774""","=""1784109632131""","=""2026-07-15 19:00:32.131""",STOPPED,29,0,https://app.catchtable.co.kr/ct/shop/yunjudang_,2026-08-01,2,"=""1784109600000""","=""2026-07-15 19:00:00.000""","=""1784110200000""","=""2026-07-15 19:10:00.000""",900,1200,"{""dryRun"":false,""entryMode"":""auto"",""menuKeyword"":"""",""openAtMs"":1784109600000,""paymentMethodAutoAdvance"":false,""paymentMethodPolicy"":""selected_allowed"",""personCount"":2,""postSlotEnabled"":true,""preOpenLeadMs"":200,""priorityTimes"":[],""reservationDate"":""2026-08-01"",""stopAtMs"":1784110200000,""tablePreference"":""any"",""targetUrl"":""https://app.catchtable.co.kr/ct/shop/yunjudang_"",""timeRange"":{""endMinutes"":1200,""startMinutes"":900},""toggleIntervalMs"":100}",27,DATE_TOGGLE_CYCLE,trace,content,"=""1784109630272""","=""2026-07-15 19:00:30.272""","=""1784109630576.4004""","=""2026-07-15 19:00:30.576""",REFRESHING_SLOTS,날짜 토글 #5: NO_SLOT,,,,true,1784109630153.4004,2026-07-31,1784109630139.7002,1784109630325.5002,,,0,,,,,,,,,,,,,,,,,,,,,,,,,,5,,0,,,,followup,,,,,,NO_SLOT,,,12,,,true,1784109630230.7002,1784109630179.7002,1784109630291.8003,,,,,true,,false,live
run-4cf761da-8102-4971-9adf-ee9084fb3778,0.2.0,"=""1784109525774""","=""2026-07-15 18:58:45.774""","=""1784109632131""","=""2026-07-15 19:00:32.131""",STOPPED,29,0,https://app.catchtable.co.kr/ct/shop/yunjudang_,2026-08-01,2,"=""1784109600000""","=""2026-07-15 19:00:00.000""","=""1784110200000""","=""2026-07-15 19:10:00.000""",900,1200,"{""dryRun"":false,""entryMode"":""auto"",""menuKeyword"":"""",""openAtMs"":1784109600000,""paymentMethodAutoAdvance"":false,""paymentMethodPolicy"":""selected_allowed"",""personCount"":2,""postSlotEnabled"":true,""preOpenLeadMs"":200,""priorityTimes"":[],""reservationDate"":""2026-08-01"",""stopAtMs"":1784110200000,""tablePreference"":""any"",""targetUrl"":""https://app.catchtable.co.kr/ct/shop/yunjudang_"",""timeRange"":{""endMinutes"":1200,""startMinutes"":900},""toggleIntervalMs"":100}",28,DATE_TOGGLE_CYCLE,warn,content,"=""1784109632131""","=""2026-07-15 19:00:32.131""","=""1784109632435.1003""","=""2026-07-15 19:00:32.435""",REFRESHING_SLOTS,날짜 토글 #6: STOPPED_BEFORE_ADJACENT,,,,false,,2026-07-31,1784109632536.5002,1784109630325.5002,,,0,,,,,,,,,,,,,,,,,,,,,,,,,,6,,0,,,,long_tail,,,,,,STOPPED_BEFORE_ADJACENT,,,0,,,false,,1784109632576.5002,,,,,,true,,false,live
run-4cf761da-8102-4971-9adf-ee9084fb3778,0.2.0,"=""1784109525774""","=""2026-07-15 18:58:45.774""","=""1784109632131""","=""2026-07-15 19:00:32.131""",STOPPED,29,0,https://app.catchtable.co.kr/ct/shop/yunjudang_,2026-08-01,2,"=""1784109600000""","=""2026-07-15 19:00:00.000""","=""1784110200000""","=""2026-07-15 19:10:00.000""",900,1200,"{""dryRun"":false,""entryMode"":""auto"",""menuKeyword"":"""",""openAtMs"":1784109600000,""paymentMethodAutoAdvance"":false,""paymentMethodPolicy"":""selected_allowed"",""personCount"":2,""postSlotEnabled"":true,""preOpenLeadMs"":200,""priorityTimes"":[],""reservationDate"":""2026-08-01"",""stopAtMs"":1784110200000,""tablePreference"":""any"",""targetUrl"":""https://app.catchtable.co.kr/ct/shop/yunjudang_"",""timeRange"":{""endMinutes"":1200,""startMinutes"":900},""toggleIntervalMs"":100}",29,RUN_TERMINATED,warn,content,"=""1784109632131""","=""2026-07-15 19:00:32.131""","=""1784109632435.1003""","=""2026-07-15 19:00:32.435""",STOPPED,사용자가 실행을 중지했습니다.,,,,,,,,,,,,,,,,,,,,,,,,,,,,,,,,,,,,,,state,,,,,,,,,,,,,,,,STOPPED,,,,,,,,,,,,