runId,extensionVersion,startedAtMs,startedAtKst,finishedAtMs,finishedAtKst,finalState,eventCount,droppedCount,targetUrl,reservationDate,personCount,openAtMs,openAtKst,stopAtMs,stopAtKst,timeRangeStartMinutes,timeRangeEndMinutes,configJson,seq,code,severity,component,localAtMs,localAtKst,serverAtMs,serverAtKst,state,message,errorName,errorMessage,errorStack,attr.adjacentClickOk,attr.adjacentClickedAt,attr.adjacentDate,attr.adjacentOpenDeltaMs,attr.adjacentPlannedAt,attr.adjacentScheduleDriftMs,attr.adjacentScheduledServerAtMs,attr.adjacentTimingServerAtMs,attr.adjacentTogglePhase,attr.agreement,attr.arrivalAt,attr.arrivalToClickMs,attr.arrivalToDetectMs,attr.availableCount,attr.availableMinutes,attr.availableSlotCount,attr.bodyClassification,attr.bodyLeadOverDomMs,attr.bodyReadCompletedMonoMs,attr.bodySelectedMinutes,attr.bodySequence,attr.bodyToExitMs,attr.bodyToWakeMs,attr.bridgeDelayMs,attr.bridgeReceivedMonoMs,attr.bridgeToDomMs,attr.claimAgreement,attr.claimSource,attr.classification,attr.clickOk,attr.clockArmLeadMs,attr.clockClusterSeparationMs,attr.clockCompetingSupport,attr.clockConfidence,attr.clockDominantSupport,attr.clockMedianRttMs,attr.clockObservationSpanMs,attr.clockOffsetCenterMs,attr.clockOffsetLowerMs,attr.clockOffsetMs,attr.clockOffsetUpperMs,attr.clockP95RttMs,attr.clockPhase,attr.clockSampleCount,attr.clockSource,attr.clockUncertaintyMs,attr.correlationId,attr.correlationQuality,attr.cycle,attr.dialogButtons,attr.dialogCheckboxCount,attr.dialogDisabledButtonCount,attr.dialogLabel,attr.dialogQuantityControlCount,attr.dialogRadioCount,attr.dialogTitle,attr.dialogUrlKind,attr.dialogZeroDepositControlCount,attr.domMinutes,attr.domObservedMonoMs,attr.emptyEarlyExitApplied,attr.eventKind,attr.exitAtMonoMs,attr.finalDomCandidateFound,attr.lastMutationMonoMs,attr.matchedSlotCount,attr.matchesTarget,attr.monoFromRunStartMs,attr.mutationGenerationAtDom,attr.mutationGenerationAtTargetClick,attr.mutationObservedAfterTarget,attr.openDeltaMs,attr.payloadClassifiedMonoMs,attr.personCount,attr.phase,attr.postSlotCertainty,attr.postSlotEvidence,attr.postSlotFingerprint,attr.postSlotStage,attr.postSlotStatus,attr.postSlotStrategy,attr.requestDate,attr.requestSentMonoMs,attr.requestSequence,attr.responseCompletedMonoMs,attr.responseStatus,attr.result,attr.selectedMinutes,attr.sequence,attr.signalKind,attr.slotLabel,attr.slotMinutes,attr.slotScanCount,attr.slotTransitionOutcome,attr.stale,attr.state,attr.targetClickOk,attr.targetClickedAt,attr.targetOpenDeltaMs,attr.targetPlannedAt,attr.targetResponseToDomMs,attr.targetScheduleDriftMs,attr.targetScheduledServerAtMs,attr.targetSelectedAt,attr.targetStillSelected,attr.targetTimingServerAtMs,attr.targetTogglePhase,attr.timingServerAtMs,attr.timingStage,attr.wakeAccepted,attr.wakeAtMonoMs,attr.wakeCorrelationQuality,attr.wakeDiscardReason,attr.wakeFallbackUsed,attr.wakeRequestSequence,attr.wakeUsed,attr.watch,attr.xhrArrivalServerAtMs
run-85a4f2c0-9ca5-41ac-b3b6-0334b53cf2f2,0.2.0,"=""1784165327185""","=""2026-07-16 10:28:47.185""","=""1784165403144""","=""2026-07-16 10:30:03.144""",HANDED_OFF,53,0,https://app.catchtable.co.kr/ct/shop/mokran,2026-08-19,3,"=""1784165400000""","=""2026-07-16 10:30:00.000""","=""1784166000000""","=""2026-07-16 10:40:00.000""",1020,1260,"{""availabilityProbeMode"":""empty_exit"",""dryRun"":false,""entryMode"":""auto"",""menuKeyword"":"""",""openAtMs"":1784165400000,""paymentMethodAutoAdvance"":true,""paymentMethodPolicy"":""selected_allowed"",""personCount"":3,""postSlotEnabled"":true,""preOpenLeadMs"":3000,""priorityTimes"":[],""reservationDate"":""2026-08-19"",""stopAtMs"":1784166000000,""tablePreference"":""any"",""targetUrl"":""https://app.catchtable.co.kr/ct/shop/mokran"",""timeRange"":{""endMinutes"":1260,""startMinutes"":1020},""toggleIntervalMs"":100}",1,RUN_STARTED,info,content,"=""1784165327185""","=""2026-07-16 10:28:47.185""",,,,실행 추적을 시작했습니다.,,,,,,,,,,,,,,,,,,,,,,,,,,,,,,,,,,,,,,,,,,,,,,,,,,,,,,,,,,,,,,,,,,,,,,,,,,,,,,,,,,,,,,,,,,,,,,,,,,,,,,,,,,,,,,,,,,,,,,,,,
run-85a4f2c0-9ca5-41ac-b3b6-0334b53cf2f2,0.2.0,"=""1784165327185""","=""2026-07-16 10:28:47.185""","=""1784165403144""","=""2026-07-16 10:30:03.144""",HANDED_OFF,53,0,https://app.catchtable.co.kr/ct/shop/mokran,2026-08-19,3,"=""1784165400000""","=""2026-07-16 10:30:00.000""","=""1784166000000""","=""2026-07-16 10:40:00.000""",1020,1260,"{""availabilityProbeMode"":""empty_exit"",""dryRun"":false,""entryMode"":""auto"",""menuKeyword"":"""",""openAtMs"":1784165400000,""paymentMethodAutoAdvance"":true,""paymentMethodPolicy"":""selected_allowed"",""personCount"":3,""postSlotEnabled"":true,""preOpenLeadMs"":3000,""priorityTimes"":[],""reservationDate"":""2026-08-19"",""stopAtMs"":1784166000000,""tablePreference"":""any"",""targetUrl"":""https://app.catchtable.co.kr/ct/shop/mokran"",""timeRange"":{""endMinutes"":1260,""startMinutes"":1020},""toggleIntervalMs"":100}",2,STATE_CHANGED,trace,content,"=""1784165327186""","=""2026-07-16 10:28:47.186""",,,CONFIGURED,예약 설정을 불러왔습니다.,,,,,,,,,,,,,,,,,,,,,,,,,,,,,,,,,,,,,,,,,,,,,,,,,,,,,,,,,,,,,,,,,state,,,,,,,,,,,,,,,,,,,,,,,,,,,,,,,,,,CONFIGURED,,,,,,,,,,,,,,,,,,,,,,
run-85a4f2c0-9ca5-41ac-b3b6-0334b53cf2f2,0.2.0,"=""1784165327185""","=""2026-07-16 10:28:47.185""","=""1784165403144""","=""2026-07-16 10:30:03.144""",HANDED_OFF,53,0,https://app.catchtable.co.kr/ct/shop/mokran,2026-08-19,3,"=""1784165400000""","=""2026-07-16 10:30:00.000""","=""1784166000000""","=""2026-07-16 10:40:00.000""",1020,1260,"{""availabilityProbeMode"":""empty_exit"",""dryRun"":false,""entryMode"":""auto"",""menuKeyword"":"""",""openAtMs"":1784165400000,""paymentMethodAutoAdvance"":true,""paymentMethodPolicy"":""selected_allowed"",""personCount"":3,""postSlotEnabled"":true,""preOpenLeadMs"":3000,""priorityTimes"":[],""reservationDate"":""2026-08-19"",""stopAtMs"":1784166000000,""tablePreference"":""any"",""targetUrl"":""https://app.catchtable.co.kr/ct/shop/mokran"",""timeRange"":{""endMinutes"":1260,""startMinutes"":1020},""toggleIntervalMs"":100}",3,STATE_CHANGED,trace,content,"=""1784165327186""","=""2026-07-16 10:28:47.186""",,,VALIDATING,예약 설정과 실행 조건을 검증합니다.,,,,,,,,,,,,,,,,,,,,,,,,,,,,,,,,,,,,,,,,,,,,,,,,,,,,,,,,,,,,,,,,,state,,,,,,,,,,,,,,,,,,,,,,,,,,,,,,,,,,VALIDATING,,,,,,,,,,,,,,,,,,,,,,
run-85a4f2c0-9ca5-41ac-b3b6-0334b53cf2f2,0.2.0,"=""1784165327185""","=""2026-07-16 10:28:47.185""","=""1784165403144""","=""2026-07-16 10:30:03.144""",HANDED_OFF,53,0,https://app.catchtable.co.kr/ct/shop/mokran,2026-08-19,3,"=""1784165400000""","=""2026-07-16 10:30:00.000""","=""1784166000000""","=""2026-07-16 10:40:00.000""",1020,1260,"{""availabilityProbeMode"":""empty_exit"",""dryRun"":false,""entryMode"":""auto"",""menuKeyword"":"""",""openAtMs"":1784165400000,""paymentMethodAutoAdvance"":true,""paymentMethodPolicy"":""selected_allowed"",""personCount"":3,""postSlotEnabled"":true,""preOpenLeadMs"":3000,""priorityTimes"":[],""reservationDate"":""2026-08-19"",""stopAtMs"":1784166000000,""tablePreference"":""any"",""targetUrl"":""https://app.catchtable.co.kr/ct/shop/mokran"",""timeRange"":{""endMinutes"":1260,""startMinutes"":1020},""toggleIntervalMs"":100}",4,STATE_CHANGED,trace,content,"=""1784165327187""","=""2026-07-16 10:28:47.187""",,,SYNCING_CLOCK,캐치테이블 서버 시계를 측정합니다.,,,,,,,,,,,,,,,,,,,,,,,,,,,,,,,,,,,,,,,,,,,,,,,,,,,,,,,,,,,,,,,,,state,,,,,,,,,,,,,,,,,,,,,,,,,,,,,,,,,,SYNCING_CLOCK,,,,,,,,,,,,,,,,,,,,,,
run-85a4f2c0-9ca5-41ac-b3b6-0334b53cf2f2,0.2.0,"=""1784165327185""","=""2026-07-16 10:28:47.185""","=""1784165403144""","=""2026-07-16 10:30:03.144""",HANDED_OFF,53,0,https://app.catchtable.co.kr/ct/shop/mokran,2026-08-19,3,"=""1784165400000""","=""2026-07-16 10:30:00.000""","=""1784166000000""","=""2026-07-16 10:40:00.000""",1020,1260,"{""availabilityProbeMode"":""empty_exit"",""dryRun"":false,""entryMode"":""auto"",""menuKeyword"":"""",""openAtMs"":1784165400000,""paymentMethodAutoAdvance"":true,""paymentMethodPolicy"":""selected_allowed"",""personCount"":3,""postSlotEnabled"":true,""preOpenLeadMs"":3000,""priorityTimes"":[],""reservationDate"":""2026-08-19"",""stopAtMs"":1784166000000,""tablePreference"":""any"",""targetUrl"":""https://app.catchtable.co.kr/ct/shop/mokran"",""timeRange"":{""endMinutes"":1260,""startMinutes"":1020},""toggleIntervalMs"":100}",5,CLOCK_SYNCED,trace,content,"=""1784165327244""","=""2026-07-16 10:28:47.244""","=""1784165327529""","=""2026-07-16 10:28:47.529""",,서버 시계 보정을 완료했습니다.,,,,,,,,,,,,,,,,,,,,,,,,,,,,,,,,,,,-1,0,LOW,1,57,57,1784165325588.4,1784165325059.9,285,1784165326116.9,57,bootstrap,1,APP_HEAD_HTTP_DATE,528.5,,,,,,,,,,,,,,,,metric,,,,,,,,,,,,,,,,,,,,,,,,,,,,,,,,,,,,,,,,,,,,,,,,,,,,,,,,
run-85a4f2c0-9ca5-41ac-b3b6-0334b53cf2f2,0.2.0,"=""1784165327185""","=""2026-07-16 10:28:47.185""","=""1784165403144""","=""2026-07-16 10:30:03.144""",HANDED_OFF,53,0,https://app.catchtable.co.kr/ct/shop/mokran,2026-08-19,3,"=""1784165400000""","=""2026-07-16 10:30:00.000""","=""1784166000000""","=""2026-07-16 10:40:00.000""",1020,1260,"{""availabilityProbeMode"":""empty_exit"",""dryRun"":false,""entryMode"":""auto"",""menuKeyword"":"""",""openAtMs"":1784165400000,""paymentMethodAutoAdvance"":true,""paymentMethodPolicy"":""selected_allowed"",""personCount"":3,""postSlotEnabled"":true,""preOpenLeadMs"":3000,""priorityTimes"":[],""reservationDate"":""2026-08-19"",""stopAtMs"":1784166000000,""tablePreference"":""any"",""targetUrl"":""https://app.catchtable.co.kr/ct/shop/mokran"",""timeRange"":{""endMinutes"":1260,""startMinutes"":1020},""toggleIntervalMs"":100}",6,STATE_CHANGED,trace,content,"=""1784165327245""","=""2026-07-16 10:28:47.245""","=""1784165327529.5""","=""2026-07-16 10:28:47.529""",ENTERING_RESERVATION,예약창 진입 상태를 확인합니다.,,,,,,,,,,,,,,,,,,,,,,,,,,,,,,,,,,,,,,,,,,,,,,,,,,,,,,,,,,,,,,,,,state,,,,,,,,,,,,,,,,,,,,,,,,,,,,,,,,,,ENTERING_RESERVATION,,,,,,,,,,,,,,,,,,,,,,
run-85a4f2c0-9ca5-41ac-b3b6-0334b53cf2f2,0.2.0,"=""1784165327185""","=""2026-07-16 10:28:47.185""","=""1784165403144""","=""2026-07-16 10:30:03.144""",HANDED_OFF,53,0,https://app.catchtable.co.kr/ct/shop/mokran,2026-08-19,3,"=""1784165400000""","=""2026-07-16 10:30:00.000""","=""1784166000000""","=""2026-07-16 10:40:00.000""",1020,1260,"{""availabilityProbeMode"":""empty_exit"",""dryRun"":false,""entryMode"":""auto"",""menuKeyword"":"""",""openAtMs"":1784165400000,""paymentMethodAutoAdvance"":true,""paymentMethodPolicy"":""selected_allowed"",""personCount"":3,""postSlotEnabled"":true,""preOpenLeadMs"":3000,""priorityTimes"":[],""reservationDate"":""2026-08-19"",""stopAtMs"":1784166000000,""tablePreference"":""any"",""targetUrl"":""https://app.catchtable.co.kr/ct/shop/mokran"",""timeRange"":{""endMinutes"":1260,""startMinutes"":1020},""toggleIntervalMs"":100}",7,ACTION_PERFORMED,trace,content,"=""1784165329502""","=""2026-07-16 10:28:49.502""","=""1784165329757.4497""","=""2026-07-16 10:28:49.757""",,예약하기 버튼을 클릭했습니다.,,,,,,,,,,,,,,,,,,,,,,,,,,,,,,,,,,,,,,,,,,,,,,,,,,,,,,,,,,,,,,,,,action,,,,,,,,,,,,,,,,,,,,,,,,,,,,,,,,,,,,,,,,,,,,,,,,,,,,,,,,
run-85a4f2c0-9ca5-41ac-b3b6-0334b53cf2f2,0.2.0,"=""1784165327185""","=""2026-07-16 10:28:47.185""","=""1784165403144""","=""2026-07-16 10:30:03.144""",HANDED_OFF,53,0,https://app.catchtable.co.kr/ct/shop/mokran,2026-08-19,3,"=""1784165400000""","=""2026-07-16 10:30:00.000""","=""1784166000000""","=""2026-07-16 10:40:00.000""",1020,1260,"{""availabilityProbeMode"":""empty_exit"",""dryRun"":false,""entryMode"":""auto"",""menuKeyword"":"""",""openAtMs"":1784165400000,""paymentMethodAutoAdvance"":true,""paymentMethodPolicy"":""selected_allowed"",""personCount"":3,""postSlotEnabled"":true,""preOpenLeadMs"":3000,""priorityTimes"":[],""reservationDate"":""2026-08-19"",""stopAtMs"":1784166000000,""tablePreference"":""any"",""targetUrl"":""https://app.catchtable.co.kr/ct/shop/mokran"",""timeRange"":{""endMinutes"":1260,""startMinutes"":1020},""toggleIntervalMs"":100}",8,AVAILABILITY_SHADOW,trace,content,"=""1784165330703""","=""2026-07-16 10:28:50.703""","=""1784165330959.0498""","=""2026-07-16 10:28:50.959""",ENTERING_RESERVATION,슬롯 응답 shadow를 EMPTY로 분류했습니다.,,,,,,,,,,,,,,,,,0,,,,,5018.5,,,,0.6000000014901161,379.3999999985099,5398.39999999851,,,none,EMPTY,,,,,,,,,,,,,,,,,,,NONE,,,,,,,,,,,,,,,,,,,false,,,,,,5019,2,body,,,,,,,260819,4497.60000000149,1,5018.5,200,,,1,,,,,,false,,,,,,,,,,,,,,,false,5399,,untrusted_quality,,,,,
run-85a4f2c0-9ca5-41ac-b3b6-0334b53cf2f2,0.2.0,"=""1784165327185""","=""2026-07-16 10:28:47.185""","=""1784165403144""","=""2026-07-16 10:30:03.144""",HANDED_OFF,53,0,https://app.catchtable.co.kr/ct/shop/mokran,2026-08-19,3,"=""1784165400000""","=""2026-07-16 10:30:00.000""","=""1784166000000""","=""2026-07-16 10:40:00.000""",1020,1260,"{""availabilityProbeMode"":""empty_exit"",""dryRun"":false,""entryMode"":""auto"",""menuKeyword"":"""",""openAtMs"":1784165400000,""paymentMethodAutoAdvance"":true,""paymentMethodPolicy"":""selected_allowed"",""personCount"":3,""postSlotEnabled"":true,""preOpenLeadMs"":3000,""priorityTimes"":[],""reservationDate"":""2026-08-19"",""stopAtMs"":1784166000000,""tablePreference"":""any"",""targetUrl"":""https://app.catchtable.co.kr/ct/shop/mokran"",""timeRange"":{""endMinutes"":1260,""startMinutes"":1020},""toggleIntervalMs"":100}",9,STATE_CHANGED,trace,content,"=""1784165330754""","=""2026-07-16 10:28:50.754""","=""1784165331009.4497""","=""2026-07-16 10:28:51.009""",SELECTING_DATE,목표 월과 예약 날짜를 준비합니다.,,,,,,,,,,,,,,,,,,,,,,,,,,,,,,,,,,,,,,,,,,,,,,,,,,,,,,,,,,,,,,,,,state,,,,,,,,,,,,,,,,,,,,,,,,,,,,,,,,,,SELECTING_DATE,,,,,,,,,,,,,,,,,,,,,,
run-85a4f2c0-9ca5-41ac-b3b6-0334b53cf2f2,0.2.0,"=""1784165327185""","=""2026-07-16 10:28:47.185""","=""1784165403144""","=""2026-07-16 10:30:03.144""",HANDED_OFF,53,0,https://app.catchtable.co.kr/ct/shop/mokran,2026-08-19,3,"=""1784165400000""","=""2026-07-16 10:30:00.000""","=""1784166000000""","=""2026-07-16 10:40:00.000""",1020,1260,"{""availabilityProbeMode"":""empty_exit"",""dryRun"":false,""entryMode"":""auto"",""menuKeyword"":"""",""openAtMs"":1784165400000,""paymentMethodAutoAdvance"":true,""paymentMethodPolicy"":""selected_allowed"",""personCount"":3,""postSlotEnabled"":true,""preOpenLeadMs"":3000,""priorityTimes"":[],""reservationDate"":""2026-08-19"",""stopAtMs"":1784166000000,""tablePreference"":""any"",""targetUrl"":""https://app.catchtable.co.kr/ct/shop/mokran"",""timeRange"":{""endMinutes"":1260,""startMinutes"":1020},""toggleIntervalMs"":100}",10,STATE_CHANGED,trace,content,"=""1784165330791""","=""2026-07-16 10:28:50.791""","=""1784165331046.4497""","=""2026-07-16 10:28:51.046""",SELECTING_PERSON,예약 인원을 준비합니다.,,,,,,,,,,,,,,,,,,,,,,,,,,,,,,,,,,,,,,,,,,,,,,,,,,,,,,,,,,,,,,,,,state,,,,,,,,,,,,,,,,,,,,,,,,,,,,,,,,,,SELECTING_PERSON,,,,,,,,,,,,,,,,,,,,,,
run-85a4f2c0-9ca5-41ac-b3b6-0334b53cf2f2,0.2.0,"=""1784165327185""","=""2026-07-16 10:28:47.185""","=""1784165403144""","=""2026-07-16 10:30:03.144""",HANDED_OFF,53,0,https://app.catchtable.co.kr/ct/shop/mokran,2026-08-19,3,"=""1784165400000""","=""2026-07-16 10:30:00.000""","=""1784166000000""","=""2026-07-16 10:40:00.000""",1020,1260,"{""availabilityProbeMode"":""empty_exit"",""dryRun"":false,""entryMode"":""auto"",""menuKeyword"":"""",""openAtMs"":1784165400000,""paymentMethodAutoAdvance"":true,""paymentMethodPolicy"":""selected_allowed"",""personCount"":3,""postSlotEnabled"":true,""preOpenLeadMs"":3000,""priorityTimes"":[],""reservationDate"":""2026-08-19"",""stopAtMs"":1784166000000,""tablePreference"":""any"",""targetUrl"":""https://app.catchtable.co.kr/ct/shop/mokran"",""timeRange"":{""endMinutes"":1260,""startMinutes"":1020},""toggleIntervalMs"":100}",11,ACTION_PERFORMED,trace,content,"=""1784165331325""","=""2026-07-16 10:28:51.325""","=""1784165331581.2498""","=""2026-07-16 10:28:51.581""",,3명으로 설정했습니다.,,,,,,,,,,,,,,,,,,,,,,,,,,,,,,,,,,,,,,,,,,,,,,,,,,,,,,,,,,,,,,,,,action,,,,,,,,,,,,,,,,,,,,,,,,,,,,,,,,,,,,,,,,,,,,,,,,,,,,,,,,
run-85a4f2c0-9ca5-41ac-b3b6-0334b53cf2f2,0.2.0,"=""1784165327185""","=""2026-07-16 10:28:47.185""","=""1784165403144""","=""2026-07-16 10:30:03.144""",HANDED_OFF,53,0,https://app.catchtable.co.kr/ct/shop/mokran,2026-08-19,3,"=""1784165400000""","=""2026-07-16 10:30:00.000""","=""1784166000000""","=""2026-07-16 10:40:00.000""",1020,1260,"{""availabilityProbeMode"":""empty_exit"",""dryRun"":false,""entryMode"":""auto"",""menuKeyword"":"""",""openAtMs"":1784165400000,""paymentMethodAutoAdvance"":true,""paymentMethodPolicy"":""selected_allowed"",""personCount"":3,""postSlotEnabled"":true,""preOpenLeadMs"":3000,""priorityTimes"":[],""reservationDate"":""2026-08-19"",""stopAtMs"":1784166000000,""tablePreference"":""any"",""targetUrl"":""https://app.catchtable.co.kr/ct/shop/mokran"",""timeRange"":{""endMinutes"":1260,""startMinutes"":1020},""toggleIntervalMs"":100}",12,STATE_CHANGED,trace,content,"=""1784165331522""","=""2026-07-16 10:28:51.522""","=""1784165331777.2498""","=""2026-07-16 10:28:51.777""",PREPARING_PAGE,예약 모달과 목표 날짜를 확인합니다.,,,,,,,,,,,,,,,,,,,,,,,,,,,,,,,,,,,,,,,,,,,,,,,,,,,,,,,,,,,,,,,,,state,,,,,,,,,,,,,,,,,,,,,,,,,,,,,,,,,,PREPARING_PAGE,,,,,,,,,,,,,,,,,,,,,,
run-85a4f2c0-9ca5-41ac-b3b6-0334b53cf2f2,0.2.0,"=""1784165327185""","=""2026-07-16 10:28:47.185""","=""1784165403144""","=""2026-07-16 10:30:03.144""",HANDED_OFF,53,0,https://app.catchtable.co.kr/ct/shop/mokran,2026-08-19,3,"=""1784165400000""","=""2026-07-16 10:30:00.000""","=""1784166000000""","=""2026-07-16 10:40:00.000""",1020,1260,"{""availabilityProbeMode"":""empty_exit"",""dryRun"":false,""entryMode"":""auto"",""menuKeyword"":"""",""openAtMs"":1784165400000,""paymentMethodAutoAdvance"":true,""paymentMethodPolicy"":""selected_allowed"",""personCount"":3,""postSlotEnabled"":true,""preOpenLeadMs"":3000,""priorityTimes"":[],""reservationDate"":""2026-08-19"",""stopAtMs"":1784166000000,""tablePreference"":""any"",""targetUrl"":""https://app.catchtable.co.kr/ct/shop/mokran"",""timeRange"":{""endMinutes"":1260,""startMinutes"":1020},""toggleIntervalMs"":100}",13,STATE_CHANGED,trace,content,"=""1784165331556""","=""2026-07-16 10:28:51.556""","=""1784165331812.0498""","=""2026-07-16 10:28:51.812""",WAITING_FOR_OPEN,예약 오픈 직전까지 대기합니다.,,,,,,,,,,,,,,,,,,,,,,,,,,,,,,,,,,,,,,,,,,,,,,,,,,,,,,,,,,,,,,,,,state,,,,,,,,,,,,,,,,,,,,,,,,,,,,,,,,,,WAITING_FOR_OPEN,,,,,,,,,,,,,,,,,,,,,,
run-85a4f2c0-9ca5-41ac-b3b6-0334b53cf2f2,0.2.0,"=""1784165327185""","=""2026-07-16 10:28:47.185""","=""1784165403144""","=""2026-07-16 10:30:03.144""",HANDED_OFF,53,0,https://app.catchtable.co.kr/ct/shop/mokran,2026-08-19,3,"=""1784165400000""","=""2026-07-16 10:30:00.000""","=""1784166000000""","=""2026-07-16 10:40:00.000""",1020,1260,"{""availabilityProbeMode"":""empty_exit"",""dryRun"":false,""entryMode"":""auto"",""menuKeyword"":"""",""openAtMs"":1784165400000,""paymentMethodAutoAdvance"":true,""paymentMethodPolicy"":""selected_allowed"",""personCount"":3,""postSlotEnabled"":true,""preOpenLeadMs"":3000,""priorityTimes"":[],""reservationDate"":""2026-08-19"",""stopAtMs"":1784166000000,""tablePreference"":""any"",""targetUrl"":""https://app.catchtable.co.kr/ct/shop/mokran"",""timeRange"":{""endMinutes"":1260,""startMinutes"":1020},""toggleIntervalMs"":100}",14,CLOCK_SYNCED,trace,content,"=""1784165331586""","=""2026-07-16 10:28:51.586""","=""1784165331842.0498""","=""2026-07-16 10:28:51.842""",,예약 오픈 직전 진입 시점을 결정했습니다.,,,,,,,,,,,,,,,,,,,,,,,,,,,,,,,,,,3575.950024418533,-1,0,LOW,2,76.30000000447035,134,1784165325559.5498,1784165325059.9,256,1784165326059.2,76.30000000447035,armed,2,APP_HEAD_HTTP_DATE,499.6500244140625,,,,,,,,,,,,,,,,metric,,,,,,,,,,,,,,,,,,,,,,,,,,,,,,,,,,,,,,,,,,,,,,,,,,,,,,,,
run-85a4f2c0-9ca5-41ac-b3b6-0334b53cf2f2,0.2.0,"=""1784165327185""","=""2026-07-16 10:28:47.185""","=""1784165403144""","=""2026-07-16 10:30:03.144""",HANDED_OFF,53,0,https://app.catchtable.co.kr/ct/shop/mokran,2026-08-19,3,"=""1784165400000""","=""2026-07-16 10:30:00.000""","=""1784166000000""","=""2026-07-16 10:40:00.000""",1020,1260,"{""availabilityProbeMode"":""empty_exit"",""dryRun"":false,""entryMode"":""auto"",""menuKeyword"":"""",""openAtMs"":1784165400000,""paymentMethodAutoAdvance"":true,""paymentMethodPolicy"":""selected_allowed"",""personCount"":3,""postSlotEnabled"":true,""preOpenLeadMs"":3000,""priorityTimes"":[],""reservationDate"":""2026-08-19"",""stopAtMs"":1784166000000,""tablePreference"":""any"",""targetUrl"":""https://app.catchtable.co.kr/ct/shop/mokran"",""timeRange"":{""endMinutes"":1260,""startMinutes"":1020},""toggleIntervalMs"":100}",15,AVAILABILITY_SHADOW,trace,content,"=""1784165331857""","=""2026-07-16 10:28:51.857""","=""1784165332112.3499""","=""2026-07-16 10:28:52.112""",WAITING_FOR_OPEN,슬롯 응답 shadow를 EMPTY로 분류했습니다.,,,,,,,,,,,,,,,,,0,,,,,6406.70000000298,,,,0.09999999403953552,146,6552.70000000298,,,none,EMPTY,,,,,,,,,,,,,,,,,,,NONE,,,,,,,,,,,,,,,,,,,false,,,,,,6406.70000000298,3,body,,,,,,,260819,6062.60000000149,2,6406.70000000298,200,,,2,,,,,,false,,,,,,,,,,,,,,,false,6552.79999999702,,untrusted_quality,,,,,
run-85a4f2c0-9ca5-41ac-b3b6-0334b53cf2f2,0.2.0,"=""1784165327185""","=""2026-07-16 10:28:47.185""","=""1784165403144""","=""2026-07-16 10:30:03.144""",HANDED_OFF,53,0,https://app.catchtable.co.kr/ct/shop/mokran,2026-08-19,3,"=""1784165400000""","=""2026-07-16 10:30:00.000""","=""1784166000000""","=""2026-07-16 10:40:00.000""",1020,1260,"{""availabilityProbeMode"":""empty_exit"",""dryRun"":false,""entryMode"":""auto"",""menuKeyword"":"""",""openAtMs"":1784165400000,""paymentMethodAutoAdvance"":true,""paymentMethodPolicy"":""selected_allowed"",""personCount"":3,""postSlotEnabled"":true,""preOpenLeadMs"":3000,""priorityTimes"":[],""reservationDate"":""2026-08-19"",""stopAtMs"":1784166000000,""tablePreference"":""any"",""targetUrl"":""https://app.catchtable.co.kr/ct/shop/mokran"",""timeRange"":{""endMinutes"":1260,""startMinutes"":1020},""toggleIntervalMs"":100}",16,STATE_CHANGED,trace,content,"=""1784165396208""","=""2026-07-16 10:29:56.208""","=""1784165396428.0999""","=""2026-07-16 10:29:56.428""",REFRESHING_SLOTS,날짜 토글로 예약 슬롯을 갱신합니다.,,,,,,,,,,,,,,,,,,,,,,,,,,,,,,,,,,,,,,,,,,,,,,,,,,,,,,,,,,,,,,,,,state,,,,,,,,,,,,,,,,,,,,,,,,,,,,,,,,,,REFRESHING_SLOTS,,,,,,,,,,,,,,,,,,,,,,
run-85a4f2c0-9ca5-41ac-b3b6-0334b53cf2f2,0.2.0,"=""1784165327185""","=""2026-07-16 10:28:47.185""","=""1784165403144""","=""2026-07-16 10:30:03.144""",HANDED_OFF,53,0,https://app.catchtable.co.kr/ct/shop/mokran,2026-08-19,3,"=""1784165400000""","=""2026-07-16 10:30:00.000""","=""1784166000000""","=""2026-07-16 10:40:00.000""",1020,1260,"{""availabilityProbeMode"":""empty_exit"",""dryRun"":false,""entryMode"":""auto"",""menuKeyword"":"""",""openAtMs"":1784165400000,""paymentMethodAutoAdvance"":true,""paymentMethodPolicy"":""selected_allowed"",""personCount"":3,""postSlotEnabled"":true,""preOpenLeadMs"":3000,""priorityTimes"":[],""reservationDate"":""2026-08-19"",""stopAtMs"":1784166000000,""tablePreference"":""any"",""targetUrl"":""https://app.catchtable.co.kr/ct/shop/mokran"",""timeRange"":{""endMinutes"":1260,""startMinutes"":1020},""toggleIntervalMs"":100}",17,AVAILABILITY_SHADOW,trace,content,"=""1784165396469""","=""2026-07-16 10:29:56.469""","=""1784165396688.5""","=""2026-07-16 10:29:56.688""",REFRESHING_SLOTS,슬롯 응답 shadow를 IRRELEVANT로 분류했습니다.,,,,,,,,,,,,,,,,,0,,,,,71146,,,,0,16,71162,,,none,IRRELEVANT,,,,,,,,,,,,,,,,,,,NONE,,,,,,,,,,,,,,,,,,,false,,,,,,71146,3,body,,,,,,,260818,71062.70000000298,3,71146,0,,,3,,,,,,false,,,,,,,,,,,,,,,false,71162,,untrusted_quality,,,,,
run-85a4f2c0-9ca5-41ac-b3b6-0334b53cf2f2,0.2.0,"=""1784165327185""","=""2026-07-16 10:28:47.185""","=""1784165403144""","=""2026-07-16 10:30:03.144""",HANDED_OFF,53,0,https://app.catchtable.co.kr/ct/shop/mokran,2026-08-19,3,"=""1784165400000""","=""2026-07-16 10:30:00.000""","=""1784166000000""","=""2026-07-16 10:40:00.000""",1020,1260,"{""availabilityProbeMode"":""empty_exit"",""dryRun"":false,""entryMode"":""auto"",""menuKeyword"":"""",""openAtMs"":1784165400000,""paymentMethodAutoAdvance"":true,""paymentMethodPolicy"":""selected_allowed"",""personCount"":3,""postSlotEnabled"":true,""preOpenLeadMs"":3000,""priorityTimes"":[],""reservationDate"":""2026-08-19"",""stopAtMs"":1784166000000,""tablePreference"":""any"",""targetUrl"":""https://app.catchtable.co.kr/ct/shop/mokran"",""timeRange"":{""endMinutes"":1260,""startMinutes"":1020},""toggleIntervalMs"":100}",18,AVAILABILITY_SHADOW,trace,content,"=""1784165396514""","=""2026-07-16 10:29:56.514""","=""1784165396733.4""","=""2026-07-16 10:29:56.733""",REFRESHING_SLOTS,슬롯 응답 shadow를 EMPTY로 분류했습니다.,,,,,,,,,,,,,,,,,0,,,,,71185.70000000298,,,,0.10000000149011612,21.100000001490116,71206.89999999851,,true,body,EMPTY,,,,,,,,,,,,,,,,,,cycle:1:request:4,EXACT,1,,,,,,,,,,,,,,,,,,true,,,,,,71185.79999999702,3,body,,,,,,,260819,71146.70000000298,4,71185.70000000298,200,,,4,empty_exit,,,,,false,,,,,,,,,,,,,,,true,71207,,,,,,,
run-85a4f2c0-9ca5-41ac-b3b6-0334b53cf2f2,0.2.0,"=""1784165327185""","=""2026-07-16 10:28:47.185""","=""1784165403144""","=""2026-07-16 10:30:03.144""",HANDED_OFF,53,0,https://app.catchtable.co.kr/ct/shop/mokran,2026-08-19,3,"=""1784165400000""","=""2026-07-16 10:30:00.000""","=""1784166000000""","=""2026-07-16 10:40:00.000""",1020,1260,"{""availabilityProbeMode"":""empty_exit"",""dryRun"":false,""entryMode"":""auto"",""menuKeyword"":"""",""openAtMs"":1784165400000,""paymentMethodAutoAdvance"":true,""paymentMethodPolicy"":""selected_allowed"",""personCount"":3,""postSlotEnabled"":true,""preOpenLeadMs"":3000,""priorityTimes"":[],""reservationDate"":""2026-08-19"",""stopAtMs"":1784166000000,""tablePreference"":""any"",""targetUrl"":""https://app.catchtable.co.kr/ct/shop/mokran"",""timeRange"":{""endMinutes"":1260,""startMinutes"":1020},""toggleIntervalMs"":100}",19,AVAILABILITY_SHADOW,trace,content,"=""1784165396521""","=""2026-07-16 10:29:56.521""","=""1784165396740.2998""","=""2026-07-16 10:29:56.740""",REFRESHING_SLOTS,EXACT EMPTY 응답으로 현재 날짜 토글 cycle을 종료했습니다.,,,,,,,,,,,,,,,,,,,,,,,,,7,,,71206.89999999851,,,,,,,,,,,,,,,,,,,,,,,EXACT,1,,,,,,,,,,,,true,,71213.89999999851,false,,,,,,,,,71185.79999999702,,empty_early_exit,,,,,,,,,4,71185.70000000298,,,,,empty_exit,,,,,,,,,,,,,,,true,,,,,,71207,,,,,,,
run-85a4f2c0-9ca5-41ac-b3b6-0334b53cf2f2,0.2.0,"=""1784165327185""","=""2026-07-16 10:28:47.185""","=""1784165403144""","=""2026-07-16 10:30:03.144""",HANDED_OFF,53,0,https://app.catchtable.co.kr/ct/shop/mokran,2026-08-19,3,"=""1784165400000""","=""2026-07-16 10:30:00.000""","=""1784166000000""","=""2026-07-16 10:40:00.000""",1020,1260,"{""availabilityProbeMode"":""empty_exit"",""dryRun"":false,""entryMode"":""auto"",""menuKeyword"":"""",""openAtMs"":1784165400000,""paymentMethodAutoAdvance"":true,""paymentMethodPolicy"":""selected_allowed"",""personCount"":3,""postSlotEnabled"":true,""preOpenLeadMs"":3000,""priorityTimes"":[],""reservationDate"":""2026-08-19"",""stopAtMs"":1784166000000,""tablePreference"":""any"",""targetUrl"":""https://app.catchtable.co.kr/ct/shop/mokran"",""timeRange"":{""endMinutes"":1260,""startMinutes"":1020},""toggleIntervalMs"":100}",20,DATE_TOGGLE_CYCLE,trace,content,"=""1784165396521""","=""2026-07-16 10:29:56.521""","=""1784165396740.5""","=""2026-07-16 10:29:56.740""",REFRESHING_SLOTS,날짜 토글 #1: EMPTY_EARLY_EXIT,,,,true,1784165396503.2,2026-08-18,,1784165396489,,,,,,1784165396712.4,,,,,0,,,,,,,,,,,,,,,,,,,,,,,,,,,,,,,,,1,,,,,,,,,,,,,,,,,0,,,,,,,,,warmup,,,,,,,,,,,,EMPTY_EARLY_EXIT,,,,,,3,,,,true,1784165396620.7,,1784165396529,,,,1784165396690.5,,,,,,,,,,false,,false,live,
run-85a4f2c0-9ca5-41ac-b3b6-0334b53cf2f2,0.2.0,"=""1784165327185""","=""2026-07-16 10:28:47.185""","=""1784165403144""","=""2026-07-16 10:30:03.144""",HANDED_OFF,53,0,https://app.catchtable.co.kr/ct/shop/mokran,2026-08-19,3,"=""1784165400000""","=""2026-07-16 10:30:00.000""","=""1784166000000""","=""2026-07-16 10:40:00.000""",1020,1260,"{""availabilityProbeMode"":""empty_exit"",""dryRun"":false,""entryMode"":""auto"",""menuKeyword"":"""",""openAtMs"":1784165400000,""paymentMethodAutoAdvance"":true,""paymentMethodPolicy"":""selected_allowed"",""personCount"":3,""postSlotEnabled"":true,""preOpenLeadMs"":3000,""priorityTimes"":[],""reservationDate"":""2026-08-19"",""stopAtMs"":1784166000000,""tablePreference"":""any"",""targetUrl"":""https://app.catchtable.co.kr/ct/shop/mokran"",""timeRange"":{""endMinutes"":1260,""startMinutes"":1020},""toggleIntervalMs"":100}",21,AVAILABILITY_SHADOW,trace,content,"=""1784165396754""","=""2026-07-16 10:29:56.754""","=""1784165396973.7998""","=""2026-07-16 10:29:56.973""",REFRESHING_SLOTS,슬롯 응답 shadow를 IRRELEVANT로 분류했습니다.,,,,,,,,,,,,,,,,,0,,,,,71427.79999999702,,,,0,19.600000001490116,71447.39999999851,,,none,IRRELEVANT,,,,,,,,,,,,,,,,,,,NONE,,,,,,,,,,,,,,,,,,,false,,,,,,71427.79999999702,3,body,,,,,,,260818,71340.29999999702,5,71427.79999999702,0,,,5,,,,,,false,,,,,,,,,,,,,,,false,71447.39999999851,,untrusted_quality,,,,,
run-85a4f2c0-9ca5-41ac-b3b6-0334b53cf2f2,0.2.0,"=""1784165327185""","=""2026-07-16 10:28:47.185""","=""1784165403144""","=""2026-07-16 10:30:03.144""",HANDED_OFF,53,0,https://app.catchtable.co.kr/ct/shop/mokran,2026-08-19,3,"=""1784165400000""","=""2026-07-16 10:30:00.000""","=""1784166000000""","=""2026-07-16 10:40:00.000""",1020,1260,"{""availabilityProbeMode"":""empty_exit"",""dryRun"":false,""entryMode"":""auto"",""menuKeyword"":"""",""openAtMs"":1784165400000,""paymentMethodAutoAdvance"":true,""paymentMethodPolicy"":""selected_allowed"",""personCount"":3,""postSlotEnabled"":true,""preOpenLeadMs"":3000,""priorityTimes"":[],""reservationDate"":""2026-08-19"",""stopAtMs"":1784166000000,""tablePreference"":""any"",""targetUrl"":""https://app.catchtable.co.kr/ct/shop/mokran"",""timeRange"":{""endMinutes"":1260,""startMinutes"":1020},""toggleIntervalMs"":100}",22,DATE_TOGGLE_CYCLE,trace,content,"=""1784165397005""","=""2026-07-16 10:29:57.005""","=""1784165397224.2998""","=""2026-07-16 10:29:57.224""",REFRESHING_SLOTS,날짜 토글 #2: NO_SLOT,,,,true,1784165396809.5,2026-08-18,,1784165396800.5999,,,,,,1784165396974,,,,,0,,,,,,,,,,,,,,,,,,,,,,,,,,,,,,,,,2,,,,,,,,,,,,,,,,,0,,,,,,,,,warmup,,,,,,,,,,,,NO_SLOT,,,,,,11,,,,true,1784165396896.2998,,1784165396840.5999,,,,1784165396975.9,,,,,,,,,,true,,false,live,
run-85a4f2c0-9ca5-41ac-b3b6-0334b53cf2f2,0.2.0,"=""1784165327185""","=""2026-07-16 10:28:47.185""","=""1784165403144""","=""2026-07-16 10:30:03.144""",HANDED_OFF,53,0,https://app.catchtable.co.kr/ct/shop/mokran,2026-08-19,3,"=""1784165400000""","=""2026-07-16 10:30:00.000""","=""1784166000000""","=""2026-07-16 10:40:00.000""",1020,1260,"{""availabilityProbeMode"":""empty_exit"",""dryRun"":false,""entryMode"":""auto"",""menuKeyword"":"""",""openAtMs"":1784165400000,""paymentMethodAutoAdvance"":true,""paymentMethodPolicy"":""selected_allowed"",""personCount"":3,""postSlotEnabled"":true,""preOpenLeadMs"":3000,""priorityTimes"":[],""reservationDate"":""2026-08-19"",""stopAtMs"":1784166000000,""tablePreference"":""any"",""targetUrl"":""https://app.catchtable.co.kr/ct/shop/mokran"",""timeRange"":{""endMinutes"":1260,""startMinutes"":1020},""toggleIntervalMs"":100}",23,AVAILABILITY_SHADOW,trace,content,"=""1784165397240""","=""2026-07-16 10:29:57.240""","=""1784165397459.4""","=""2026-07-16 10:29:57.459""",REFRESHING_SLOTS,슬롯 응답 shadow를 IRRELEVANT로 분류했습니다.,,,,,,,,,,,,,,,,,0,,,,,71904.20000000298,,,,0.10000000149011612,28.69999999552965,71932.89999999851,,,none,IRRELEVANT,,,,,,,,,,,,,,,,,,,NONE,,,,,,,,,,,,,,,,,,,false,,,,,,71904.20000000298,3,body,,,,,,,260818,71824.39999999851,6,71904.20000000298,0,,,6,,,,,,false,,,,,,,,,,,,,,,false,71933,,untrusted_quality,,,,,
run-85a4f2c0-9ca5-41ac-b3b6-0334b53cf2f2,0.2.0,"=""1784165327185""","=""2026-07-16 10:28:47.185""","=""1784165403144""","=""2026-07-16 10:30:03.144""",HANDED_OFF,53,0,https://app.catchtable.co.kr/ct/shop/mokran,2026-08-19,3,"=""1784165400000""","=""2026-07-16 10:30:00.000""","=""1784166000000""","=""2026-07-16 10:40:00.000""",1020,1260,"{""availabilityProbeMode"":""empty_exit"",""dryRun"":false,""entryMode"":""auto"",""menuKeyword"":"""",""openAtMs"":1784165400000,""paymentMethodAutoAdvance"":true,""paymentMethodPolicy"":""selected_allowed"",""personCount"":3,""postSlotEnabled"":true,""preOpenLeadMs"":3000,""priorityTimes"":[],""reservationDate"":""2026-08-19"",""stopAtMs"":1784166000000,""tablePreference"":""any"",""targetUrl"":""https://app.catchtable.co.kr/ct/shop/mokran"",""timeRange"":{""endMinutes"":1260,""startMinutes"":1020},""toggleIntervalMs"":100}",24,DATE_TOGGLE_CYCLE,trace,content,"=""1784165397490""","=""2026-07-16 10:29:57.490""","=""1784165397709.7998""","=""2026-07-16 10:29:57.709""",REFRESHING_SLOTS,날짜 토글 #3: NO_SLOT,,,,true,1784165397294.7,2026-08-18,,1784165397284.5,,,,,,1784165397459.5999,,,,,0,,,,,,,,,,,,,,,,,,,,,,,,,,,,,,,,,3,,,,,,,,,,,,,,,,,0,,,,,,,,,warmup,,,,,,,,,,,,NO_SLOT,,,,,,11,,,,true,1784165397383.7998,,1784165397324.5,,,,1784165397461.5999,,,,,,,,,,true,,false,live,
run-85a4f2c0-9ca5-41ac-b3b6-0334b53cf2f2,0.2.0,"=""1784165327185""","=""2026-07-16 10:28:47.185""","=""1784165403144""","=""2026-07-16 10:30:03.144""",HANDED_OFF,53,0,https://app.catchtable.co.kr/ct/shop/mokran,2026-08-19,3,"=""1784165400000""","=""2026-07-16 10:30:00.000""","=""1784166000000""","=""2026-07-16 10:40:00.000""",1020,1260,"{""availabilityProbeMode"":""empty_exit"",""dryRun"":false,""entryMode"":""auto"",""menuKeyword"":"""",""openAtMs"":1784165400000,""paymentMethodAutoAdvance"":true,""paymentMethodPolicy"":""selected_allowed"",""personCount"":3,""postSlotEnabled"":true,""preOpenLeadMs"":3000,""priorityTimes"":[],""reservationDate"":""2026-08-19"",""stopAtMs"":1784166000000,""tablePreference"":""any"",""targetUrl"":""https://app.catchtable.co.kr/ct/shop/mokran"",""timeRange"":{""endMinutes"":1260,""startMinutes"":1020},""toggleIntervalMs"":100}",25,AVAILABILITY_SHADOW,trace,content,"=""1784165397687""","=""2026-07-16 10:29:57.687""","=""1784165397907""","=""2026-07-16 10:29:57.907""",REFRESHING_SLOTS,슬롯 응답 shadow를 IRRELEVANT로 분류했습니다.,,,,,,,,,,,,,,,,,0,,,,,72372.29999999702,,,,0.10000000149011612,8.200000002980232,72380.5,,,none,IRRELEVANT,,,,,,,,,,,,,,,,,,,NONE,,,,,,,,,,,,,,,,,,,false,,,,,,72372.29999999702,3,body,,,,,,,260818,72303.29999999702,7,72372.29999999702,0,,,7,,,,,,false,,,,,,,,,,,,,,,false,72380.60000000149,,untrusted_quality,,,,,
run-85a4f2c0-9ca5-41ac-b3b6-0334b53cf2f2,0.2.0,"=""1784165327185""","=""2026-07-16 10:28:47.185""","=""1784165403144""","=""2026-07-16 10:30:03.144""",HANDED_OFF,53,0,https://app.catchtable.co.kr/ct/shop/mokran,2026-08-19,3,"=""1784165400000""","=""2026-07-16 10:30:00.000""","=""1784166000000""","=""2026-07-16 10:40:00.000""",1020,1260,"{""availabilityProbeMode"":""empty_exit"",""dryRun"":false,""entryMode"":""auto"",""menuKeyword"":"""",""openAtMs"":1784165400000,""paymentMethodAutoAdvance"":true,""paymentMethodPolicy"":""selected_allowed"",""personCount"":3,""postSlotEnabled"":true,""preOpenLeadMs"":3000,""priorityTimes"":[],""reservationDate"":""2026-08-19"",""stopAtMs"":1784166000000,""tablePreference"":""any"",""targetUrl"":""https://app.catchtable.co.kr/ct/shop/mokran"",""timeRange"":{""endMinutes"":1260,""startMinutes"":1020},""toggleIntervalMs"":100}",26,AVAILABILITY_SHADOW,trace,content,"=""1784165397733""","=""2026-07-16 10:29:57.733""","=""1784165397952.9""","=""2026-07-16 10:29:57.952""",REFRESHING_SLOTS,슬롯 응답 shadow를 EMPTY로 분류했습니다.,,,,,,,,,,,,,,,,,0,,,,,72412.89999999851,,,,0,13.5,72426.5,,,none,EMPTY,,,,,,,,,,,,,,,,,,cycle:3:request:8,EXACT,3,,,,,,,,,,,,,,,,,,true,,,,,,72413,3,body,,,,,,,260819,72373,8,72412.89999999851,200,,,8,,,,,,false,,,,,,,,,,,,,,,false,72426.5,,inactive_cycle,,,,,
run-85a4f2c0-9ca5-41ac-b3b6-0334b53cf2f2,0.2.0,"=""1784165327185""","=""2026-07-16 10:28:47.185""","=""1784165403144""","=""2026-07-16 10:30:03.144""",HANDED_OFF,53,0,https://app.catchtable.co.kr/ct/shop/mokran,2026-08-19,3,"=""1784165400000""","=""2026-07-16 10:30:00.000""","=""1784166000000""","=""2026-07-16 10:40:00.000""",1020,1260,"{""availabilityProbeMode"":""empty_exit"",""dryRun"":false,""entryMode"":""auto"",""menuKeyword"":"""",""openAtMs"":1784165400000,""paymentMethodAutoAdvance"":true,""paymentMethodPolicy"":""selected_allowed"",""personCount"":3,""postSlotEnabled"":true,""preOpenLeadMs"":3000,""priorityTimes"":[],""reservationDate"":""2026-08-19"",""stopAtMs"":1784166000000,""tablePreference"":""any"",""targetUrl"":""https://app.catchtable.co.kr/ct/shop/mokran"",""timeRange"":{""endMinutes"":1260,""startMinutes"":1020},""toggleIntervalMs"":100}",27,DATE_TOGGLE_CYCLE,trace,content,"=""1784165397970""","=""2026-07-16 10:29:57.970""","=""1784165398190.2""","=""2026-07-16 10:29:58.190""",REFRESHING_SLOTS,날짜 토글 #4: NO_SLOT,,,,true,1784165397779.2998,2026-08-18,,1784165397769.9,,,,,,1784165397939.5,,,,,0,,,,,,,,,,,,,,,,,,,,,,,,,,,,,,,,,4,,,,,,,,,,,,,,,,,0,,,,,,,,,warmup,,,,,,,,,,,,NO_SLOT,,,,,,12,,,,true,1784165397858.2998,,1784165397809.9,,,,1784165397909.2,,,,,,,,,,true,,false,live,
run-85a4f2c0-9ca5-41ac-b3b6-0334b53cf2f2,0.2.0,"=""1784165327185""","=""2026-07-16 10:28:47.185""","=""1784165403144""","=""2026-07-16 10:30:03.144""",HANDED_OFF,53,0,https://app.catchtable.co.kr/ct/shop/mokran,2026-08-19,3,"=""1784165400000""","=""2026-07-16 10:30:00.000""","=""1784166000000""","=""2026-07-16 10:40:00.000""",1020,1260,"{""availabilityProbeMode"":""empty_exit"",""dryRun"":false,""entryMode"":""auto"",""menuKeyword"":"""",""openAtMs"":1784165400000,""paymentMethodAutoAdvance"":true,""paymentMethodPolicy"":""selected_allowed"",""personCount"":3,""postSlotEnabled"":true,""preOpenLeadMs"":3000,""priorityTimes"":[],""reservationDate"":""2026-08-19"",""stopAtMs"":1784166000000,""tablePreference"":""any"",""targetUrl"":""https://app.catchtable.co.kr/ct/shop/mokran"",""timeRange"":{""endMinutes"":1260,""startMinutes"":1020},""toggleIntervalMs"":100}",28,AVAILABILITY_SHADOW,trace,content,"=""1784165398193""","=""2026-07-16 10:29:58.193""","=""1784165398412.9""","=""2026-07-16 10:29:58.412""",REFRESHING_SLOTS,슬롯 응답 shadow를 IRRELEVANT로 분류했습니다.,,,,,,,,,,,,,,,,,0,,,,,72862.60000000149,,,,0,23.899999998509884,72886.5,,,none,IRRELEVANT,,,,,,,,,,,,,,,,,,,NONE,,,,,,,,,,,,,,,,,,,false,,,,,,72862.60000000149,3,body,,,,,,,260818,72784.39999999851,9,72862.60000000149,0,,,9,,,,,,false,,,,,,,,,,,,,,,false,72886.5,,untrusted_quality,,,,,
run-85a4f2c0-9ca5-41ac-b3b6-0334b53cf2f2,0.2.0,"=""1784165327185""","=""2026-07-16 10:28:47.185""","=""1784165403144""","=""2026-07-16 10:30:03.144""",HANDED_OFF,53,0,https://app.catchtable.co.kr/ct/shop/mokran,2026-08-19,3,"=""1784165400000""","=""2026-07-16 10:30:00.000""","=""1784166000000""","=""2026-07-16 10:40:00.000""",1020,1260,"{""availabilityProbeMode"":""empty_exit"",""dryRun"":false,""entryMode"":""auto"",""menuKeyword"":"""",""openAtMs"":1784165400000,""paymentMethodAutoAdvance"":true,""paymentMethodPolicy"":""selected_allowed"",""personCount"":3,""postSlotEnabled"":true,""preOpenLeadMs"":3000,""priorityTimes"":[],""reservationDate"":""2026-08-19"",""stopAtMs"":1784166000000,""tablePreference"":""any"",""targetUrl"":""https://app.catchtable.co.kr/ct/shop/mokran"",""timeRange"":{""endMinutes"":1260,""startMinutes"":1020},""toggleIntervalMs"":100}",29,DATE_TOGGLE_CYCLE,trace,content,"=""1784165398447""","=""2026-07-16 10:29:58.447""","=""1784165398667""","=""2026-07-16 10:29:58.667""",REFRESHING_SLOTS,날짜 토글 #5: NO_SLOT,,,,true,1784165398259.7,2026-08-18,,1784165398250.2998,,,,,,1784165398416.7998,,,,,0,,,,,,,,,,,,,,,,,,,,,,,,,,,,,,,,,5,,,,,,,,,,,,,,,,,0,,,,,,,,,warmup,,,,,,,,,,,,NO_SLOT,,,,,,11,,,,true,1784165398340.0999,,1784165398290.2998,,,,1784165398414.9,,,,,,,,,,true,,false,live,
run-85a4f2c0-9ca5-41ac-b3b6-0334b53cf2f2,0.2.0,"=""1784165327185""","=""2026-07-16 10:28:47.185""","=""1784165403144""","=""2026-07-16 10:30:03.144""",HANDED_OFF,53,0,https://app.catchtable.co.kr/ct/shop/mokran,2026-08-19,3,"=""1784165400000""","=""2026-07-16 10:30:00.000""","=""1784166000000""","=""2026-07-16 10:40:00.000""",1020,1260,"{""availabilityProbeMode"":""empty_exit"",""dryRun"":false,""entryMode"":""auto"",""menuKeyword"":"""",""openAtMs"":1784165400000,""paymentMethodAutoAdvance"":true,""paymentMethodPolicy"":""selected_allowed"",""personCount"":3,""postSlotEnabled"":true,""preOpenLeadMs"":3000,""priorityTimes"":[],""reservationDate"":""2026-08-19"",""stopAtMs"":1784166000000,""tablePreference"":""any"",""targetUrl"":""https://app.catchtable.co.kr/ct/shop/mokran"",""timeRange"":{""endMinutes"":1260,""startMinutes"":1020},""toggleIntervalMs"":100}",30,AVAILABILITY_SHADOW,trace,content,"=""1784165398654""","=""2026-07-16 10:29:58.654""","=""1784165398873.4""","=""2026-07-16 10:29:58.873""",REFRESHING_SLOTS,슬롯 응답 shadow를 IRRELEVANT로 분류했습니다.,,,,,,,,,,,,,,,,,0,,,,,73326.29999999702,,,,0,20.700000002980232,73347,,,none,IRRELEVANT,,,,,,,,,,,,,,,,,,,NONE,,,,,,,,,,,,,,,,,,,false,,,,,,73326.29999999702,3,body,,,,,,,260818,73255.39999999851,10,73326.29999999702,0,,,10,,,,,,false,,,,,,,,,,,,,,,false,73347,,untrusted_quality,,,,,
run-85a4f2c0-9ca5-41ac-b3b6-0334b53cf2f2,0.2.0,"=""1784165327185""","=""2026-07-16 10:28:47.185""","=""1784165403144""","=""2026-07-16 10:30:03.144""",HANDED_OFF,53,0,https://app.catchtable.co.kr/ct/shop/mokran,2026-08-19,3,"=""1784165400000""","=""2026-07-16 10:30:00.000""","=""1784166000000""","=""2026-07-16 10:40:00.000""",1020,1260,"{""availabilityProbeMode"":""empty_exit"",""dryRun"":false,""entryMode"":""auto"",""menuKeyword"":"""",""openAtMs"":1784165400000,""paymentMethodAutoAdvance"":true,""paymentMethodPolicy"":""selected_allowed"",""personCount"":3,""postSlotEnabled"":true,""preOpenLeadMs"":3000,""priorityTimes"":[],""reservationDate"":""2026-08-19"",""stopAtMs"":1784166000000,""tablePreference"":""any"",""targetUrl"":""https://app.catchtable.co.kr/ct/shop/mokran"",""timeRange"":{""endMinutes"":1260,""startMinutes"":1020},""toggleIntervalMs"":100}",31,DATE_TOGGLE_CYCLE,trace,content,"=""1784165398904""","=""2026-07-16 10:29:58.904""","=""1784165399124.0999""","=""2026-07-16 10:29:59.124""",REFRESHING_SLOTS,날짜 토글 #6: NO_SLOT,,,,true,1784165398739.2,2026-08-18,,1784165398727.2,,,,,,1784165398873.5999,,,,,0,,,,,,,,,,,,,,,,,,,,,,,,,,,,,,,,,6,,,,,,,,,,,,,,,,,0,,,,,,,,,warmup,,,,,,,,,,,,NO_SLOT,,,,,,11,,,,true,1784165398807.5,,1784165398767.2,,,,1784165398875.5999,,,,,,,,,,true,,false,live,
run-85a4f2c0-9ca5-41ac-b3b6-0334b53cf2f2,0.2.0,"=""1784165327185""","=""2026-07-16 10:28:47.185""","=""1784165403144""","=""2026-07-16 10:30:03.144""",HANDED_OFF,53,0,https://app.catchtable.co.kr/ct/shop/mokran,2026-08-19,3,"=""1784165400000""","=""2026-07-16 10:30:00.000""","=""1784166000000""","=""2026-07-16 10:40:00.000""",1020,1260,"{""availabilityProbeMode"":""empty_exit"",""dryRun"":false,""entryMode"":""auto"",""menuKeyword"":"""",""openAtMs"":1784165400000,""paymentMethodAutoAdvance"":true,""paymentMethodPolicy"":""selected_allowed"",""personCount"":3,""postSlotEnabled"":true,""preOpenLeadMs"":3000,""priorityTimes"":[],""reservationDate"":""2026-08-19"",""stopAtMs"":1784166000000,""tablePreference"":""any"",""targetUrl"":""https://app.catchtable.co.kr/ct/shop/mokran"",""timeRange"":{""endMinutes"":1260,""startMinutes"":1020},""toggleIntervalMs"":100}",32,AVAILABILITY_SHADOW,trace,content,"=""1784165399107""","=""2026-07-16 10:29:59.107""","=""1784165399326.5999""","=""2026-07-16 10:29:59.326""",REFRESHING_SLOTS,슬롯 응답 shadow를 IRRELEVANT로 분류했습니다.,,,,,,,,,,,,,,,,,0,,,,,73791.10000000149,,,,0,9.100000001490116,73800.20000000298,,,none,IRRELEVANT,,,,,,,,,,,,,,,,,,,NONE,,,,,,,,,,,,,,,,,,,false,,,,,,73791.10000000149,3,body,,,,,,,260818,73716.5,11,73791.10000000149,0,,,11,,,,,,false,,,,,,,,,,,,,,,false,73800.20000000298,,untrusted_quality,,,,,
run-85a4f2c0-9ca5-41ac-b3b6-0334b53cf2f2,0.2.0,"=""1784165327185""","=""2026-07-16 10:28:47.185""","=""1784165403144""","=""2026-07-16 10:30:03.144""",HANDED_OFF,53,0,https://app.catchtable.co.kr/ct/shop/mokran,2026-08-19,3,"=""1784165400000""","=""2026-07-16 10:30:00.000""","=""1784166000000""","=""2026-07-16 10:40:00.000""",1020,1260,"{""availabilityProbeMode"":""empty_exit"",""dryRun"":false,""entryMode"":""auto"",""menuKeyword"":"""",""openAtMs"":1784165400000,""paymentMethodAutoAdvance"":true,""paymentMethodPolicy"":""selected_allowed"",""personCount"":3,""postSlotEnabled"":true,""preOpenLeadMs"":3000,""priorityTimes"":[],""reservationDate"":""2026-08-19"",""stopAtMs"":1784166000000,""tablePreference"":""any"",""targetUrl"":""https://app.catchtable.co.kr/ct/shop/mokran"",""timeRange"":{""endMinutes"":1260,""startMinutes"":1020},""toggleIntervalMs"":100}",33,AVAILABILITY_SHADOW,trace,content,"=""1784165399147""","=""2026-07-16 10:29:59.147""","=""1784165399367.0999""","=""2026-07-16 10:29:59.367""",REFRESHING_SLOTS,슬롯 응답 shadow를 EMPTY로 분류했습니다.,,,,,,,,,,,,,,,,,0,,,,,73825.10000000149,,,,0,15.5,73840.70000000298,,,none,EMPTY,,,,,,,,,,,,,,,,,,cycle:6:request:12,EXACT,6,,,,,,,,,,,,,,,,,,true,,,,,,73825.20000000298,3,body,,,,,,,260819,73791.89999999851,12,73825.10000000149,200,,,12,,,,,,false,,,,,,,,,,,,,,,false,73840.70000000298,,inactive_cycle,,,,,
run-85a4f2c0-9ca5-41ac-b3b6-0334b53cf2f2,0.2.0,"=""1784165327185""","=""2026-07-16 10:28:47.185""","=""1784165403144""","=""2026-07-16 10:30:03.144""",HANDED_OFF,53,0,https://app.catchtable.co.kr/ct/shop/mokran,2026-08-19,3,"=""1784165400000""","=""2026-07-16 10:30:00.000""","=""1784166000000""","=""2026-07-16 10:40:00.000""",1020,1260,"{""availabilityProbeMode"":""empty_exit"",""dryRun"":false,""entryMode"":""auto"",""menuKeyword"":"""",""openAtMs"":1784165400000,""paymentMethodAutoAdvance"":true,""paymentMethodPolicy"":""selected_allowed"",""personCount"":3,""postSlotEnabled"":true,""preOpenLeadMs"":3000,""priorityTimes"":[],""reservationDate"":""2026-08-19"",""stopAtMs"":1784166000000,""tablePreference"":""any"",""targetUrl"":""https://app.catchtable.co.kr/ct/shop/mokran"",""timeRange"":{""endMinutes"":1260,""startMinutes"":1020},""toggleIntervalMs"":100}",34,DATE_TOGGLE_CYCLE,trace,content,"=""1784165399383""","=""2026-07-16 10:29:59.383""","=""1784165399602.5999""","=""2026-07-16 10:29:59.602""",REFRESHING_SLOTS,날짜 토글 #7: NO_SLOT,,,,true,1784165399194.5,2026-08-18,,1784165399184.0999,,,,,,1784165399351.7998,,,,,0,,,,,,,,,,,,,,,,,,,,,,,,,,,,,,,,,7,,,,,,,,,,,,,,,,,0,,,,,,,,,warmup,,,,,,,,,,,,NO_SLOT,,,,,,11,,,,true,1784165399270.4,,1784165399224.0999,,,,1784165399328.9,,,,,,,,,,true,,false,live,
run-85a4f2c0-9ca5-41ac-b3b6-0334b53cf2f2,0.2.0,"=""1784165327185""","=""2026-07-16 10:28:47.185""","=""1784165403144""","=""2026-07-16 10:30:03.144""",HANDED_OFF,53,0,https://app.catchtable.co.kr/ct/shop/mokran,2026-08-19,3,"=""1784165400000""","=""2026-07-16 10:30:00.000""","=""1784166000000""","=""2026-07-16 10:40:00.000""",1020,1260,"{""availabilityProbeMode"":""empty_exit"",""dryRun"":false,""entryMode"":""auto"",""menuKeyword"":"""",""openAtMs"":1784165400000,""paymentMethodAutoAdvance"":true,""paymentMethodPolicy"":""selected_allowed"",""personCount"":3,""postSlotEnabled"":true,""preOpenLeadMs"":3000,""priorityTimes"":[],""reservationDate"":""2026-08-19"",""stopAtMs"":1784166000000,""tablePreference"":""any"",""targetUrl"":""https://app.catchtable.co.kr/ct/shop/mokran"",""timeRange"":{""endMinutes"":1260,""startMinutes"":1020},""toggleIntervalMs"":100}",35,AVAILABILITY_SHADOW,trace,content,"=""1784165399610""","=""2026-07-16 10:29:59.610""","=""1784165399829.4""","=""2026-07-16 10:29:59.829""",REFRESHING_SLOTS,슬롯 응답 shadow를 IRRELEVANT로 분류했습니다.,,,,,,,,,,,,,,,,,0,,,,,74278.89999999851,,,,0,24.100000001490116,74303,,,none,IRRELEVANT,,,,,,,,,,,,,,,,,,,NONE,,,,,,,,,,,,,,,,,,,false,,,,,,74278.89999999851,3,body,,,,,,,260818,74197.89999999851,13,74278.89999999851,0,,,13,,,,,,false,,,,,,,,,,,,,,,false,74303,,untrusted_quality,,,,,
run-85a4f2c0-9ca5-41ac-b3b6-0334b53cf2f2,0.2.0,"=""1784165327185""","=""2026-07-16 10:28:47.185""","=""1784165403144""","=""2026-07-16 10:30:03.144""",HANDED_OFF,53,0,https://app.catchtable.co.kr/ct/shop/mokran,2026-08-19,3,"=""1784165400000""","=""2026-07-16 10:30:00.000""","=""1784166000000""","=""2026-07-16 10:40:00.000""",1020,1260,"{""availabilityProbeMode"":""empty_exit"",""dryRun"":false,""entryMode"":""auto"",""menuKeyword"":"""",""openAtMs"":1784165400000,""paymentMethodAutoAdvance"":true,""paymentMethodPolicy"":""selected_allowed"",""personCount"":3,""postSlotEnabled"":true,""preOpenLeadMs"":3000,""priorityTimes"":[],""reservationDate"":""2026-08-19"",""stopAtMs"":1784166000000,""tablePreference"":""any"",""targetUrl"":""https://app.catchtable.co.kr/ct/shop/mokran"",""timeRange"":{""endMinutes"":1260,""startMinutes"":1020},""toggleIntervalMs"":100}",36,DATE_TOGGLE_CYCLE,trace,content,"=""1784165399860""","=""2026-07-16 10:29:59.860""","=""1784165400079.7""","=""2026-07-16 10:30:00.079""",REFRESHING_SLOTS,날짜 토글 #8: NO_SLOT,,,,true,1784165399670.4,2026-08-18,,1784165399660,,,,,,1784165399829.7,,,,,0,,,,,,,,,,,,,,,,,,,,,,,,,,,,,,,,,8,,,,,,,,,,,,,,,,,0,,,,,,,,,precision,,,,,,,,,,,,NO_SLOT,,,,,,12,,,,true,1784165399756.5999,,1784165399700,,,,1784165399832.7,,,,,,,,,,true,,false,live,
run-85a4f2c0-9ca5-41ac-b3b6-0334b53cf2f2,0.2.0,"=""1784165327185""","=""2026-07-16 10:28:47.185""","=""1784165403144""","=""2026-07-16 10:30:03.144""",HANDED_OFF,53,0,https://app.catchtable.co.kr/ct/shop/mokran,2026-08-19,3,"=""1784165400000""","=""2026-07-16 10:30:00.000""","=""1784166000000""","=""2026-07-16 10:40:00.000""",1020,1260,"{""availabilityProbeMode"":""empty_exit"",""dryRun"":false,""entryMode"":""auto"",""menuKeyword"":"""",""openAtMs"":1784165400000,""paymentMethodAutoAdvance"":true,""paymentMethodPolicy"":""selected_allowed"",""personCount"":3,""postSlotEnabled"":true,""preOpenLeadMs"":3000,""priorityTimes"":[],""reservationDate"":""2026-08-19"",""stopAtMs"":1784166000000,""tablePreference"":""any"",""targetUrl"":""https://app.catchtable.co.kr/ct/shop/mokran"",""timeRange"":{""endMinutes"":1260,""startMinutes"":1020},""toggleIntervalMs"":100}",37,AVAILABILITY_SHADOW,trace,content,"=""1784165400090""","=""2026-07-16 10:30:00.090""","=""1784165400309.5999""","=""2026-07-16 10:30:00.309""",REFRESHING_SLOTS,슬롯 응답 shadow를 IRRELEVANT로 분류했습니다.,,,,,,,,,,,,,,,,,0,,,,,74763.89999999851,,,,0,19.30000000447035,74783.20000000298,,,none,IRRELEVANT,,,,,,,,,,,,,,,,,,,NONE,,,,,,,,,,,,,,,,,,,false,,,,,,74763.89999999851,3,body,,,,,,,260818,74694.89999999851,14,74763.89999999851,0,,,14,,,,,,false,,,,,,,,,,,,,,,false,74783.20000000298,,untrusted_quality,,,,,
run-85a4f2c0-9ca5-41ac-b3b6-0334b53cf2f2,0.2.0,"=""1784165327185""","=""2026-07-16 10:28:47.185""","=""1784165403144""","=""2026-07-16 10:30:03.144""",HANDED_OFF,53,0,https://app.catchtable.co.kr/ct/shop/mokran,2026-08-19,3,"=""1784165400000""","=""2026-07-16 10:30:00.000""","=""1784166000000""","=""2026-07-16 10:40:00.000""",1020,1260,"{""availabilityProbeMode"":""empty_exit"",""dryRun"":false,""entryMode"":""auto"",""menuKeyword"":"""",""openAtMs"":1784165400000,""paymentMethodAutoAdvance"":true,""paymentMethodPolicy"":""selected_allowed"",""personCount"":3,""postSlotEnabled"":true,""preOpenLeadMs"":3000,""priorityTimes"":[],""reservationDate"":""2026-08-19"",""stopAtMs"":1784166000000,""tablePreference"":""any"",""targetUrl"":""https://app.catchtable.co.kr/ct/shop/mokran"",""timeRange"":{""endMinutes"":1260,""startMinutes"":1020},""toggleIntervalMs"":100}",38,DATE_TOGGLE_CYCLE,trace,content,"=""1784165400343""","=""2026-07-16 10:30:00.343""","=""1784165400562.9""","=""2026-07-16 10:30:00.562""",REFRESHING_SLOTS,날짜 토글 #9: NO_SLOT,,,,true,1784165400170.4,2026-08-18,,1784165400160,,,,,,1784165400312.0999,,,,,0,,,,,,,,,,,,,,,,,,,,,,,,,,,,,,,,,9,,,,,,,,,,,,,,,,,0,,,,,,,,,precision,,,,,,,,,,,,NO_SLOT,,,,,,11,,,,true,1784165400249.2998,,1784165400200,,,,1784165400311.7998,,,,,,,,,,true,,false,live,
run-85a4f2c0-9ca5-41ac-b3b6-0334b53cf2f2,0.2.0,"=""1784165327185""","=""2026-07-16 10:28:47.185""","=""1784165403144""","=""2026-07-16 10:30:03.144""",HANDED_OFF,53,0,https://app.catchtable.co.kr/ct/shop/mokran,2026-08-19,3,"=""1784165400000""","=""2026-07-16 10:30:00.000""","=""1784166000000""","=""2026-07-16 10:40:00.000""",1020,1260,"{""availabilityProbeMode"":""empty_exit"",""dryRun"":false,""entryMode"":""auto"",""menuKeyword"":"""",""openAtMs"":1784165400000,""paymentMethodAutoAdvance"":true,""paymentMethodPolicy"":""selected_allowed"",""personCount"":3,""postSlotEnabled"":true,""preOpenLeadMs"":3000,""priorityTimes"":[],""reservationDate"":""2026-08-19"",""stopAtMs"":1784166000000,""tablePreference"":""any"",""targetUrl"":""https://app.catchtable.co.kr/ct/shop/mokran"",""timeRange"":{""endMinutes"":1260,""startMinutes"":1020},""toggleIntervalMs"":100}",39,AVAILABILITY_SHADOW,trace,content,"=""1784165400570""","=""2026-07-16 10:30:00.570""","=""1784165400789.5""","=""2026-07-16 10:30:00.789""",REFRESHING_SLOTS,슬롯 응답 shadow를 IRRELEVANT로 분류했습니다.,,,,,,,,,,,,,,,,,0,,,,,75255.79999999702,,,,0,7.300000004470348,75263.10000000149,,,none,IRRELEVANT,,,,,,,,,,,,,,,,,,,NONE,,,,,,,,,,,,,,,,,,,false,,,,,,75255.79999999702,3,body,,,,,,,260818,75191.5,15,75255.79999999702,0,,,15,,,,,,false,,,,,,,,,,,,,,,false,75263.10000000149,,untrusted_quality,,,,,
run-85a4f2c0-9ca5-41ac-b3b6-0334b53cf2f2,0.2.0,"=""1784165327185""","=""2026-07-16 10:28:47.185""","=""1784165403144""","=""2026-07-16 10:30:03.144""",HANDED_OFF,53,0,https://app.catchtable.co.kr/ct/shop/mokran,2026-08-19,3,"=""1784165400000""","=""2026-07-16 10:30:00.000""","=""1784166000000""","=""2026-07-16 10:40:00.000""",1020,1260,"{""availabilityProbeMode"":""empty_exit"",""dryRun"":false,""entryMode"":""auto"",""menuKeyword"":"""",""openAtMs"":1784165400000,""paymentMethodAutoAdvance"":true,""paymentMethodPolicy"":""selected_allowed"",""personCount"":3,""postSlotEnabled"":true,""preOpenLeadMs"":3000,""priorityTimes"":[],""reservationDate"":""2026-08-19"",""stopAtMs"":1784166000000,""tablePreference"":""any"",""targetUrl"":""https://app.catchtable.co.kr/ct/shop/mokran"",""timeRange"":{""endMinutes"":1260,""startMinutes"":1020},""toggleIntervalMs"":100}",40,AVAILABILITY_SHADOW,trace,content,"=""1784165400647""","=""2026-07-16 10:30:00.647""","=""1784165400867.2""","=""2026-07-16 10:30:00.867""",REFRESHING_SLOTS,슬롯 응답 shadow를 POPULATED로 분류했습니다.,,,,,,,,,,,,,,,,,4,"690,810,1020,1170",,,,75304.60000000149,,,,0,36.099999994039536,75340.79999999702,,,none,POPULATED,,,,,,,,,,,,,,,,,,cycle:9:request:16,EXACT,9,,,,,,,,,,,,,,,,,,true,,,,,,75304.70000000298,3,body,,,,,,,260819,75256.5,16,75304.60000000149,200,,1020,16,,,,,,false,,,,,,,,,,,,,,,false,75340.79999999702,,inactive_cycle,,,,,
run-85a4f2c0-9ca5-41ac-b3b6-0334b53cf2f2,0.2.0,"=""1784165327185""","=""2026-07-16 10:28:47.185""","=""1784165403144""","=""2026-07-16 10:30:03.144""",HANDED_OFF,53,0,https://app.catchtable.co.kr/ct/shop/mokran,2026-08-19,3,"=""1784165400000""","=""2026-07-16 10:30:00.000""","=""1784166000000""","=""2026-07-16 10:40:00.000""",1020,1260,"{""availabilityProbeMode"":""empty_exit"",""dryRun"":false,""entryMode"":""auto"",""menuKeyword"":"""",""openAtMs"":1784165400000,""paymentMethodAutoAdvance"":true,""paymentMethodPolicy"":""selected_allowed"",""personCount"":3,""postSlotEnabled"":true,""preOpenLeadMs"":3000,""priorityTimes"":[],""reservationDate"":""2026-08-19"",""stopAtMs"":1784166000000,""tablePreference"":""any"",""targetUrl"":""https://app.catchtable.co.kr/ct/shop/mokran"",""timeRange"":{""endMinutes"":1260,""startMinutes"":1020},""toggleIntervalMs"":100}",41,AVAILABILITY_SHADOW,trace,content,"=""1784165400664""","=""2026-07-16 10:30:00.664""","=""1784165400883.5999""","=""2026-07-16 10:30:00.883""",REFRESHING_SLOTS,body와 DOM 슬롯 후보를 비교했습니다.,,,,,,,,,,,,,,,,,,,,none,,,,,,,,,,,dom,,,,,,,,,,,,,,,,,,,,NONE,10,,,,,,,,,,1020,75357.10000000149,,,,,75340.5,,,,88,85,true,,,,dom_compare,,,,,,,,,,,,,,,,,,,,,,,,,,,,,,,,,,,,,,,,,,,
run-85a4f2c0-9ca5-41ac-b3b6-0334b53cf2f2,0.2.0,"=""1784165327185""","=""2026-07-16 10:28:47.185""","=""1784165403144""","=""2026-07-16 10:30:03.144""",HANDED_OFF,53,0,https://app.catchtable.co.kr/ct/shop/mokran,2026-08-19,3,"=""1784165400000""","=""2026-07-16 10:30:00.000""","=""1784166000000""","=""2026-07-16 10:40:00.000""",1020,1260,"{""availabilityProbeMode"":""empty_exit"",""dryRun"":false,""entryMode"":""auto"",""menuKeyword"":"""",""openAtMs"":1784165400000,""paymentMethodAutoAdvance"":true,""paymentMethodPolicy"":""selected_allowed"",""personCount"":3,""postSlotEnabled"":true,""preOpenLeadMs"":3000,""priorityTimes"":[],""reservationDate"":""2026-08-19"",""stopAtMs"":1784166000000,""tablePreference"":""any"",""targetUrl"":""https://app.catchtable.co.kr/ct/shop/mokran"",""timeRange"":{""endMinutes"":1260,""startMinutes"":1020},""toggleIntervalMs"":100}",42,DATE_TOGGLE_CYCLE,trace,content,"=""1784165400664""","=""2026-07-16 10:30:00.664""","=""1784165400883.7""","=""2026-07-16 10:30:00.883""",REFRESHING_SLOTS,날짜 토글 #10: SLOT_FOUND,,,,true,1784165400670.9,2026-08-18,,1784165400660,,,,,,1784165400831.2998,,,,,4,,,,,,,,,,,,,,,,,,,,,,,,,,,,,,,,,10,,,,,,,,,,,,,,,,,2,,,,,,,,,precision,,,,,,,,,,,,SLOT_FOUND,,,,,,3,,,,true,1784165400744.0999,,1784165400700,,,,1784165400791.7998,,,,,,,,,,true,,false,live,
run-85a4f2c0-9ca5-41ac-b3b6-0334b53cf2f2,0.2.0,"=""1784165327185""","=""2026-07-16 10:28:47.185""","=""1784165403144""","=""2026-07-16 10:30:03.144""",HANDED_OFF,53,0,https://app.catchtable.co.kr/ct/shop/mokran,2026-08-19,3,"=""1784165400000""","=""2026-07-16 10:30:00.000""","=""1784166000000""","=""2026-07-16 10:40:00.000""",1020,1260,"{""availabilityProbeMode"":""empty_exit"",""dryRun"":false,""entryMode"":""auto"",""menuKeyword"":"""",""openAtMs"":1784165400000,""paymentMethodAutoAdvance"":true,""paymentMethodPolicy"":""selected_allowed"",""personCount"":3,""postSlotEnabled"":true,""preOpenLeadMs"":3000,""priorityTimes"":[],""reservationDate"":""2026-08-19"",""stopAtMs"":1784166000000,""tablePreference"":""any"",""targetUrl"":""https://app.catchtable.co.kr/ct/shop/mokran"",""timeRange"":{""endMinutes"":1260,""startMinutes"":1020},""toggleIntervalMs"":100}",43,STATE_CHANGED,trace,content,"=""1784165400664""","=""2026-07-16 10:30:00.664""","=""1784165400883.9""","=""2026-07-16 10:30:00.883""",SLOT_DETECTED,오후 5:00 슬롯을 감지했습니다.,,,,,,,671,,11,1784165400660,1784165400670.9,precision,,,,53,,,,,,,,,,,,,,,,,,,,,MEDIUM,,,,,,220,,,,,,68,,,,,,,,,,,,,,,,state,,,,,,73476,,,,884,,,,,,,,,,,,,,,,,,,,,,,,SLOT_DETECTED,,,744,,,44,1784165400700,,,1784165400744.0999,precision,1784165400883.7998,slot_detected,,,,,,,,,1784165400831.2998
run-85a4f2c0-9ca5-41ac-b3b6-0334b53cf2f2,0.2.0,"=""1784165327185""","=""2026-07-16 10:28:47.185""","=""1784165403144""","=""2026-07-16 10:30:03.144""",HANDED_OFF,53,0,https://app.catchtable.co.kr/ct/shop/mokran,2026-08-19,3,"=""1784165400000""","=""2026-07-16 10:30:00.000""","=""1784166000000""","=""2026-07-16 10:40:00.000""",1020,1260,"{""availabilityProbeMode"":""empty_exit"",""dryRun"":false,""entryMode"":""auto"",""menuKeyword"":"""",""openAtMs"":1784165400000,""paymentMethodAutoAdvance"":true,""paymentMethodPolicy"":""selected_allowed"",""personCount"":3,""postSlotEnabled"":true,""preOpenLeadMs"":3000,""priorityTimes"":[],""reservationDate"":""2026-08-19"",""stopAtMs"":1784166000000,""tablePreference"":""any"",""targetUrl"":""https://app.catchtable.co.kr/ct/shop/mokran"",""timeRange"":{""endMinutes"":1260,""startMinutes"":1020},""toggleIntervalMs"":100}",44,SLOT_DETECTED,info,content,"=""1784165400664""","=""2026-07-16 10:30:00.664""","=""1784165400884.0999""","=""2026-07-16 10:30:00.884""",,예약 조건과 일치하는 슬롯을 찾았습니다.,,,,,,,,,,,,,,,,,,,,,,,,,,,,,,,,,,,,,,,,,,,,,,,,,,,,,,,,,,,,,,,,,detect,,,,,,,,,,,,,,,,,,,,,,,,,,,,,오후 5:00,1020,,,,,,,,,,,,,,,,,,,,,,,,,,
run-85a4f2c0-9ca5-41ac-b3b6-0334b53cf2f2,0.2.0,"=""1784165327185""","=""2026-07-16 10:28:47.185""","=""1784165403144""","=""2026-07-16 10:30:03.144""",HANDED_OFF,53,0,https://app.catchtable.co.kr/ct/shop/mokran,2026-08-19,3,"=""1784165400000""","=""2026-07-16 10:30:00.000""","=""1784166000000""","=""2026-07-16 10:40:00.000""",1020,1260,"{""availabilityProbeMode"":""empty_exit"",""dryRun"":false,""entryMode"":""auto"",""menuKeyword"":"""",""openAtMs"":1784165400000,""paymentMethodAutoAdvance"":true,""paymentMethodPolicy"":""selected_allowed"",""personCount"":3,""postSlotEnabled"":true,""preOpenLeadMs"":3000,""priorityTimes"":[],""reservationDate"":""2026-08-19"",""stopAtMs"":1784166000000,""tablePreference"":""any"",""targetUrl"":""https://app.catchtable.co.kr/ct/shop/mokran"",""timeRange"":{""endMinutes"":1260,""startMinutes"":1020},""toggleIntervalMs"":100}",45,SLOT_CLICKED,info,content,"=""1784165400671""","=""2026-07-16 10:30:00.671""","=""1784165400891.2""","=""2026-07-16 10:30:00.891""",SLOT_CLICK_DISPATCHED,오후 5:00 슬롯을 클릭했습니다.,,,,,,,,,,,,,,,,,,,,,,,,,,,,,,,,,true,,,,,,,,,,,,,,,,,,,,,,,,,,,,,,,,,,,,,,,,,,,,,,,,,,,,,,,,,,,,,오후 5:00,1020,,dispatched,,,,,,,,,,,,,,,,,,,,,,,,
run-85a4f2c0-9ca5-41ac-b3b6-0334b53cf2f2,0.2.0,"=""1784165327185""","=""2026-07-16 10:28:47.185""","=""1784165403144""","=""2026-07-16 10:30:03.144""",HANDED_OFF,53,0,https://app.catchtable.co.kr/ct/shop/mokran,2026-08-19,3,"=""1784165400000""","=""2026-07-16 10:30:00.000""","=""1784166000000""","=""2026-07-16 10:40:00.000""",1020,1260,"{""availabilityProbeMode"":""empty_exit"",""dryRun"":false,""entryMode"":""auto"",""menuKeyword"":"""",""openAtMs"":1784165400000,""paymentMethodAutoAdvance"":true,""paymentMethodPolicy"":""selected_allowed"",""personCount"":3,""postSlotEnabled"":true,""preOpenLeadMs"":3000,""priorityTimes"":[],""reservationDate"":""2026-08-19"",""stopAtMs"":1784166000000,""tablePreference"":""any"",""targetUrl"":""https://app.catchtable.co.kr/ct/shop/mokran"",""timeRange"":{""endMinutes"":1260,""startMinutes"":1020},""toggleIntervalMs"":100}",46,STATE_CHANGED,trace,content,"=""1784165400671""","=""2026-07-16 10:30:00.671""","=""1784165400891.2998""","=""2026-07-16 10:30:00.891""",SLOT_CLICK_DISPATCHED,오후 5:00 슬롯 클릭을 전달했습니다.,,,,,,,,,,,,,,,60,,,,,,,,,,,,,,,,,,,,,,MEDIUM,,,,,,220,,,,,,68,,,,,,,,,,,,,,,,state,,,,,,73483,,,,891,,,,,,,,,,,,,,,,,,,오후 5:00,1020,,dispatched,,SLOT_CLICK_DISPATCHED,,,,,,,,,,,,1784165400891.2,slot_click_dispatched,,,,,,,,,
run-85a4f2c0-9ca5-41ac-b3b6-0334b53cf2f2,0.2.0,"=""1784165327185""","=""2026-07-16 10:28:47.185""","=""1784165403144""","=""2026-07-16 10:30:03.144""",HANDED_OFF,53,0,https://app.catchtable.co.kr/ct/shop/mokran,2026-08-19,3,"=""1784165400000""","=""2026-07-16 10:30:00.000""","=""1784166000000""","=""2026-07-16 10:40:00.000""",1020,1260,"{""availabilityProbeMode"":""empty_exit"",""dryRun"":false,""entryMode"":""auto"",""menuKeyword"":"""",""openAtMs"":1784165400000,""paymentMethodAutoAdvance"":true,""paymentMethodPolicy"":""selected_allowed"",""personCount"":3,""postSlotEnabled"":true,""preOpenLeadMs"":3000,""priorityTimes"":[],""reservationDate"":""2026-08-19"",""stopAtMs"":1784166000000,""tablePreference"":""any"",""targetUrl"":""https://app.catchtable.co.kr/ct/shop/mokran"",""timeRange"":{""endMinutes"":1260,""startMinutes"":1020},""toggleIntervalMs"":100}",47,STATE_CHANGED,trace,content,"=""1784165401257""","=""2026-07-16 10:30:01.257""","=""1784165401477.2""","=""2026-07-16 10:30:01.477""",SLOT_TRANSITION_CONFIRMED,후속 예약 화면 도착을 확인했습니다. 좌석 확보 여부는 최종 예약 전까지 확정할 수 없습니다.,,,,,,,,,,,,,,,,,,,,,,,,,,,,,,,,,,,,,,,,,,,,,,,,,,,,,- | + | - | + | - | + | - | + | - | + | - | + | - | + | - | + | - | + | - | + | - | + | - | + | - | + | - | + | - | + | - | + | - | + | - | + | 취소 | 확인,0,18,메뉴 선택,18,0,메뉴 선택,shop,0,,,,state,,,,,,,,,,,,,,exact,exact aria-label,ps-11b2299d,menu,,aria-label-v1,,,,,,,,,,,,,confirmed,,SLOT_TRANSITION_CONFIRMED,,,,,,,,,,,,,,,,,,,,,,
run-85a4f2c0-9ca5-41ac-b3b6-0334b53cf2f2,0.2.0,"=""1784165327185""","=""2026-07-16 10:28:47.185""","=""1784165403144""","=""2026-07-16 10:30:03.144""",HANDED_OFF,53,0,https://app.catchtable.co.kr/ct/shop/mokran,2026-08-19,3,"=""1784165400000""","=""2026-07-16 10:30:00.000""","=""1784166000000""","=""2026-07-16 10:40:00.000""",1020,1260,"{""availabilityProbeMode"":""empty_exit"",""dryRun"":false,""entryMode"":""auto"",""menuKeyword"":"""",""openAtMs"":1784165400000,""paymentMethodAutoAdvance"":true,""paymentMethodPolicy"":""selected_allowed"",""personCount"":3,""postSlotEnabled"":true,""preOpenLeadMs"":3000,""priorityTimes"":[],""reservationDate"":""2026-08-19"",""stopAtMs"":1784166000000,""tablePreference"":""any"",""targetUrl"":""https://app.catchtable.co.kr/ct/shop/mokran"",""timeRange"":{""endMinutes"":1260,""startMinutes"":1020},""toggleIntervalMs"":100}",48,STATE_CHANGED,trace,content,"=""1784165401267""","=""2026-07-16 10:30:01.267""","=""1784165401486.4""","=""2026-07-16 10:30:01.486""",ADVANCING_RESERVATION,예약 폼까지 선택적 중간 단계를 진행합니다.,,,,,,,,,,,,,,,,,,,,,,,,,,,,,,,,,,,,,,,,,,,,,,,,,,,,,,,,,,,,,,,,,state,,,,,,,,,,,,,,,,,,,,,,,,,,,,,,,,,,ADVANCING_RESERVATION,,,,,,,,,,,,,,,,,,,,,,
run-85a4f2c0-9ca5-41ac-b3b6-0334b53cf2f2,0.2.0,"=""1784165327185""","=""2026-07-16 10:28:47.185""","=""1784165403144""","=""2026-07-16 10:30:03.144""",HANDED_OFF,53,0,https://app.catchtable.co.kr/ct/shop/mokran,2026-08-19,3,"=""1784165400000""","=""2026-07-16 10:30:00.000""","=""1784166000000""","=""2026-07-16 10:40:00.000""",1020,1260,"{""availabilityProbeMode"":""empty_exit"",""dryRun"":false,""entryMode"":""auto"",""menuKeyword"":"""",""openAtMs"":1784165400000,""paymentMethodAutoAdvance"":true,""paymentMethodPolicy"":""selected_allowed"",""personCount"":3,""postSlotEnabled"":true,""preOpenLeadMs"":3000,""priorityTimes"":[],""reservationDate"":""2026-08-19"",""stopAtMs"":1784166000000,""tablePreference"":""any"",""targetUrl"":""https://app.catchtable.co.kr/ct/shop/mokran"",""timeRange"":{""endMinutes"":1260,""startMinutes"":1020},""toggleIntervalMs"":100}",49,POST_SLOT_ACTION,trace,content,"=""1784165401291""","=""2026-07-16 10:30:01.291""","=""1784165401511.2""","=""2026-07-16 10:30:01.511""",,일반 예약 (성인) 수량을 1개로 설정했습니다.,,,,,,,,,,,,,,,,,,,,,,,,,,,,,,,,,,,,,,,,,,,,,,,,,,,,,- | + | - | + | - | + | - | + | - | + | - | + | - | + | - | + | - | + | - | + | - | + | - | + | - | + | - | + | - | + | - | + | - | + | - | + | 취소 | 확인,0,18,메뉴 선택,18,0,메뉴 선택,shop,0,,,,action,,,,,,,,,,,,,,exact,exact aria-label,ps-11b2299d,menu,acted,aria-label-v1,,,,,,,,,,,,,,,,,,,,,,,,,,,,,,,,,,,,,
run-85a4f2c0-9ca5-41ac-b3b6-0334b53cf2f2,0.2.0,"=""1784165327185""","=""2026-07-16 10:28:47.185""","=""1784165403144""","=""2026-07-16 10:30:03.144""",HANDED_OFF,53,0,https://app.catchtable.co.kr/ct/shop/mokran,2026-08-19,3,"=""1784165400000""","=""2026-07-16 10:30:00.000""","=""1784166000000""","=""2026-07-16 10:40:00.000""",1020,1260,"{""availabilityProbeMode"":""empty_exit"",""dryRun"":false,""entryMode"":""auto"",""menuKeyword"":"""",""openAtMs"":1784165400000,""paymentMethodAutoAdvance"":true,""paymentMethodPolicy"":""selected_allowed"",""personCount"":3,""postSlotEnabled"":true,""preOpenLeadMs"":3000,""priorityTimes"":[],""reservationDate"":""2026-08-19"",""stopAtMs"":1784166000000,""tablePreference"":""any"",""targetUrl"":""https://app.catchtable.co.kr/ct/shop/mokran"",""timeRange"":{""endMinutes"":1260,""startMinutes"":1020},""toggleIntervalMs"":100}",50,POST_SLOT_ACTION,trace,content,"=""1784165401348""","=""2026-07-16 10:30:01.348""","=""1784165401568.0999""","=""2026-07-16 10:30:01.568""",,일반 예약 (성인) 수량을 2개로 설정했습니다.,,,,,,,,,,,,,,,,,,,,,,,,,,,,,,,,,,,,,,,,,,,,,,,,,,,,,- | + | - | + | - | + | - | + | - | + | - | + | - | + | - | + | - | + | - | + | - | + | - | + | - | + | - | + | - | + | - | + | - | + | - | + | 취소 | 확인,0,17,메뉴 선택,18,0,메뉴 선택,shop,0,,,,action,,,,,,,,,,,,,,exact,exact aria-label,ps-dbafd0f5,menu,acted,aria-label-v1,,,,,,,,,,,,,,,,,,,,,,,,,,,,,,,,,,,,,
run-85a4f2c0-9ca5-41ac-b3b6-0334b53cf2f2,0.2.0,"=""1784165327185""","=""2026-07-16 10:28:47.185""","=""1784165403144""","=""2026-07-16 10:30:03.144""",HANDED_OFF,53,0,https://app.catchtable.co.kr/ct/shop/mokran,2026-08-19,3,"=""1784165400000""","=""2026-07-16 10:30:00.000""","=""1784166000000""","=""2026-07-16 10:40:00.000""",1020,1260,"{""availabilityProbeMode"":""empty_exit"",""dryRun"":false,""entryMode"":""auto"",""menuKeyword"":"""",""openAtMs"":1784165400000,""paymentMethodAutoAdvance"":true,""paymentMethodPolicy"":""selected_allowed"",""personCount"":3,""postSlotEnabled"":true,""preOpenLeadMs"":3000,""priorityTimes"":[],""reservationDate"":""2026-08-19"",""stopAtMs"":1784166000000,""tablePreference"":""any"",""targetUrl"":""https://app.catchtable.co.kr/ct/shop/mokran"",""timeRange"":{""endMinutes"":1260,""startMinutes"":1020},""toggleIntervalMs"":100}",51,POST_SLOT_ACTION,trace,content,"=""1784165401402""","=""2026-07-16 10:30:01.402""","=""1784165401622.2""","=""2026-07-16 10:30:01.622""",,일반 예약 (성인) 수량을 3개로 설정했습니다.,,,,,,,,,,,,,,,,,,,,,,,,,,,,,,,,,,,,,,,,,,,,,,,,,,,,,- | + | - | + | - | + | - | + | - | + | - | + | - | + | - | + | - | + | - | + | - | + | - | + | - | + | - | + | - | + | - | + | - | + | - | + | 취소 | 확인,0,17,메뉴 선택,18,0,메뉴 선택,shop,0,,,,action,,,,,,,,,,,,,,exact,exact aria-label,ps-dbafd0f5,menu,acted,aria-label-v1,,,,,,,,,,,,,,,,,,,,,,,,,,,,,,,,,,,,,
run-85a4f2c0-9ca5-41ac-b3b6-0334b53cf2f2,0.2.0,"=""1784165327185""","=""2026-07-16 10:28:47.185""","=""1784165403144""","=""2026-07-16 10:30:03.144""",HANDED_OFF,53,0,https://app.catchtable.co.kr/ct/shop/mokran,2026-08-19,3,"=""1784165400000""","=""2026-07-16 10:30:00.000""","=""1784166000000""","=""2026-07-16 10:40:00.000""",1020,1260,"{""availabilityProbeMode"":""empty_exit"",""dryRun"":false,""entryMode"":""auto"",""menuKeyword"":"""",""openAtMs"":1784165400000,""paymentMethodAutoAdvance"":true,""paymentMethodPolicy"":""selected_allowed"",""personCount"":3,""postSlotEnabled"":true,""preOpenLeadMs"":3000,""priorityTimes"":[],""reservationDate"":""2026-08-19"",""stopAtMs"":1784166000000,""tablePreference"":""any"",""targetUrl"":""https://app.catchtable.co.kr/ct/shop/mokran"",""timeRange"":{""endMinutes"":1260,""startMinutes"":1020},""toggleIntervalMs"":100}",52,POST_SLOT_ACTION,trace,content,"=""1784165401458""","=""2026-07-16 10:30:01.458""","=""1784165401677.7""","=""2026-07-16 10:30:01.677""",,메뉴 수량 선택을 완료했습니다.,,,,,,,,,,,,,,,,,,,,,,,,,,,,,,,,,,,,,,,,,,,,,,,,,,,,,- | + | - | + | - | + | - | + | - | + | - | + | - | + | - | + | - | + | - | + | - | + | - | + | - | + | - | + | - | + | - | + | - | + | - | + | 취소 | 확인,0,17,메뉴 선택,18,0,메뉴 선택,shop,0,,,,action,,,,,,,,,,,,,,exact,exact aria-label,ps-dbafd0f5,menu,acted,aria-label-v1,,,,,,,,,,,,,,,,,,,,,,,,,,,,,,,,,,,,,
run-85a4f2c0-9ca5-41ac-b3b6-0334b53cf2f2,0.2.0,"=""1784165327185""","=""2026-07-16 10:28:47.185""","=""1784165403144""","=""2026-07-16 10:30:03.144""",HANDED_OFF,53,0,https://app.catchtable.co.kr/ct/shop/mokran,2026-08-19,3,"=""1784165400000""","=""2026-07-16 10:30:00.000""","=""1784166000000""","=""2026-07-16 10:40:00.000""",1020,1260,"{""availabilityProbeMode"":""empty_exit"",""dryRun"":false,""entryMode"":""auto"",""menuKeyword"":"""",""openAtMs"":1784165400000,""paymentMethodAutoAdvance"":true,""paymentMethodPolicy"":""selected_allowed"",""personCount"":3,""postSlotEnabled"":true,""preOpenLeadMs"":3000,""priorityTimes"":[],""reservationDate"":""2026-08-19"",""stopAtMs"":1784166000000,""tablePreference"":""any"",""targetUrl"":""https://app.catchtable.co.kr/ct/shop/mokran"",""timeRange"":{""endMinutes"":1260,""startMinutes"":1020},""toggleIntervalMs"":100}",53,RUN_TERMINATED,trace,content,"=""1784165403144""","=""2026-07-16 10:30:03.144""","=""1784165403364.0999""","=""2026-07-16 10:30:03.364""",HANDED_OFF,예약 폼에 도착했습니다. 약관 확인과 최종 예약은 직접 진행하세요.,,,,,,,,,,,,,,,,,,,,,,,,,,,,,,,,,,,,,,,,,,,,,,,,,,,,,,0,0,,0,0,,reservation_form,0,,,,state,,,,,,,,,,1844,,,,exact,reservation form URL,ps-b325a803,form,,reservation-form-url-v1,,,,,,,,,,,,,,,HANDED_OFF,,,,,,,,,,,,1784165401843.7,,,,,,,,,,