runId,extensionVersion,startedAtMs,startedAtKst,finishedAtMs,finishedAtKst,finalState,eventCount,droppedCount,targetUrl,reservationDate,personCount,openAtMs,openAtKst,stopAtMs,stopAtKst,timeRangeStartMinutes,timeRangeEndMinutes,configJson,seq,code,severity,component,localAtMs,localAtKst,serverAtMs,serverAtKst,state,message,errorName,errorMessage,errorStack,attr.adjacentClickOk,attr.adjacentClickedAt,attr.adjacentDate,attr.adjacentOpenDeltaMs,attr.adjacentPlannedAt,attr.adjacentScheduleDriftMs,attr.adjacentScheduledServerAtMs,attr.adjacentTimingServerAtMs,attr.adjacentTogglePhase,attr.agreement,attr.arrivalAt,attr.arrivalToClickMs,attr.arrivalToDetectMs,attr.availableCount,attr.availableMinutes,attr.availableSlotCount,attr.bodyClassification,attr.bodyLeadOverDomMs,attr.bodyReadCompletedMonoMs,attr.bodySelectedMinutes,attr.bodySequence,attr.bodyToWakeMs,attr.bridgeDelayMs,attr.bridgeReceivedMonoMs,attr.bridgeToDomMs,attr.claimAgreement,attr.claimSource,attr.classification,attr.clickOk,attr.clockArmLeadMs,attr.clockClusterSeparationMs,attr.clockCompetingSupport,attr.clockConfidence,attr.clockDominantSupport,attr.clockMedianRttMs,attr.clockObservationSpanMs,attr.clockOffsetCenterMs,attr.clockOffsetLowerMs,attr.clockOffsetMs,attr.clockOffsetUpperMs,attr.clockP95RttMs,attr.clockPhase,attr.clockSampleCount,attr.clockSource,attr.clockUncertaintyMs,attr.correlationId,attr.correlationQuality,attr.cycle,attr.dialogButtons,attr.dialogCheckboxCount,attr.dialogDisabledButtonCount,attr.dialogLabel,attr.dialogQuantityControlCount,attr.dialogRadioCount,attr.dialogTitle,attr.dialogUrlKind,attr.dialogZeroDepositControlCount,attr.domMinutes,attr.domObservedMonoMs,attr.eventKind,attr.lastMutationMonoMs,attr.matchedSlotCount,attr.matchesTarget,attr.monoFromRunStartMs,attr.mutationGenerationAtDom,attr.mutationGenerationAtTargetClick,attr.mutationObservedAfterTarget,attr.openDeltaMs,attr.payloadClassifiedMonoMs,attr.personCount,attr.phase,attr.postSlotCertainty,attr.postSlotEvidence,attr.postSlotFingerprint,attr.postSlotStage,attr.postSlotStatus,attr.postSlotStrategy,attr.requestDate,attr.requestSentMonoMs,attr.requestSequence,attr.responseCompletedMonoMs,attr.responseStatus,attr.result,attr.selectedMinutes,attr.sequence,attr.slotLabel,attr.slotMinutes,attr.slotScanCount,attr.slotTransitionOutcome,attr.stale,attr.state,attr.targetClickOk,attr.targetClickedAt,attr.targetOpenDeltaMs,attr.targetPlannedAt,attr.targetResponseToDomMs,attr.targetScheduleDriftMs,attr.targetScheduledServerAtMs,attr.targetSelectedAt,attr.targetTimingServerAtMs,attr.targetTogglePhase,attr.timingServerAtMs,attr.timingStage,attr.wakeAccepted,attr.wakeAtMonoMs,attr.wakeCorrelationQuality,attr.wakeDiscardReason,attr.wakeFallbackUsed,attr.wakeRequestSequence,attr.wakeUsed,attr.watch,attr.xhrArrivalServerAtMs
run-4b569267-ab39-4ce2-b4a7-e3c0261c16e3,0.2.0,"=""1784078926599""","=""2026-07-15 10:28:46.599""","=""1784079002969""","=""2026-07-15 10:30:02.969""",HANDED_OFF,40,0,https://app.catchtable.co.kr/ct/shop/gwanganmarket,2026-08-20,2,"=""1784079000000""","=""2026-07-15 10:30:00.000""","=""1784079180000""","=""2026-07-15 10:33:00.000""",1020,1200,"{""dryRun"":false,""entryMode"":""auto"",""menuKeyword"":"""",""openAtMs"":1784079000000,""paymentMethodAutoAdvance"":true,""paymentMethodPolicy"":""selected_allowed"",""personCount"":2,""postSlotEnabled"":true,""preOpenLeadMs"":200,""priorityTimes"":[],""reservationDate"":""2026-08-20"",""stopAtMs"":1784079180000,""tablePreference"":""any"",""targetUrl"":""https://app.catchtable.co.kr/ct/shop/gwanganmarket"",""timeRange"":{""endMinutes"":1200,""startMinutes"":1020},""toggleIntervalMs"":100}",1,RUN_STARTED,info,content,"=""1784078926600""","=""2026-07-15 10:28:46.600""",,,,실행 추적을 시작했습니다.,,,,,,,,,,,,,,,,,,,,,,,,,,,,,,,,,,,,,,,,,,,,,,,,,,,,,,,,,,,,,,,,,,,,,,,,,,,,,,,,,,,,,,,,,,,,,,,,,,,,,,,,,,,,,,,,,,,
run-4b569267-ab39-4ce2-b4a7-e3c0261c16e3,0.2.0,"=""1784078926599""","=""2026-07-15 10:28:46.599""","=""1784079002969""","=""2026-07-15 10:30:02.969""",HANDED_OFF,40,0,https://app.catchtable.co.kr/ct/shop/gwanganmarket,2026-08-20,2,"=""1784079000000""","=""2026-07-15 10:30:00.000""","=""1784079180000""","=""2026-07-15 10:33:00.000""",1020,1200,"{""dryRun"":false,""entryMode"":""auto"",""menuKeyword"":"""",""openAtMs"":1784079000000,""paymentMethodAutoAdvance"":true,""paymentMethodPolicy"":""selected_allowed"",""personCount"":2,""postSlotEnabled"":true,""preOpenLeadMs"":200,""priorityTimes"":[],""reservationDate"":""2026-08-20"",""stopAtMs"":1784079180000,""tablePreference"":""any"",""targetUrl"":""https://app.catchtable.co.kr/ct/shop/gwanganmarket"",""timeRange"":{""endMinutes"":1200,""startMinutes"":1020},""toggleIntervalMs"":100}",2,STATE_CHANGED,trace,content,"=""1784078926601""","=""2026-07-15 10:28:46.601""",,,CONFIGURED,예약 설정을 불러왔습니다.,,,,,,,,,,,,,,,,,,,,,,,,,,,,,,,,,,,,,,,,,,,,,,,,,,,,,,,,,,,,,,,state,,,,,,,,,,,,,,,,,,,,,,,,,,,,,,,CONFIGURED,,,,,,,,,,,,,,,,,,,,,
run-4b569267-ab39-4ce2-b4a7-e3c0261c16e3,0.2.0,"=""1784078926599""","=""2026-07-15 10:28:46.599""","=""1784079002969""","=""2026-07-15 10:30:02.969""",HANDED_OFF,40,0,https://app.catchtable.co.kr/ct/shop/gwanganmarket,2026-08-20,2,"=""1784079000000""","=""2026-07-15 10:30:00.000""","=""1784079180000""","=""2026-07-15 10:33:00.000""",1020,1200,"{""dryRun"":false,""entryMode"":""auto"",""menuKeyword"":"""",""openAtMs"":1784079000000,""paymentMethodAutoAdvance"":true,""paymentMethodPolicy"":""selected_allowed"",""personCount"":2,""postSlotEnabled"":true,""preOpenLeadMs"":200,""priorityTimes"":[],""reservationDate"":""2026-08-20"",""stopAtMs"":1784079180000,""tablePreference"":""any"",""targetUrl"":""https://app.catchtable.co.kr/ct/shop/gwanganmarket"",""timeRange"":{""endMinutes"":1200,""startMinutes"":1020},""toggleIntervalMs"":100}",3,STATE_CHANGED,trace,content,"=""1784078926602""","=""2026-07-15 10:28:46.602""",,,VALIDATING,예약 설정과 실행 조건을 검증합니다.,,,,,,,,,,,,,,,,,,,,,,,,,,,,,,,,,,,,,,,,,,,,,,,,,,,,,,,,,,,,,,,state,,,,,,,,,,,,,,,,,,,,,,,,,,,,,,,VALIDATING,,,,,,,,,,,,,,,,,,,,,
run-4b569267-ab39-4ce2-b4a7-e3c0261c16e3,0.2.0,"=""1784078926599""","=""2026-07-15 10:28:46.599""","=""1784079002969""","=""2026-07-15 10:30:02.969""",HANDED_OFF,40,0,https://app.catchtable.co.kr/ct/shop/gwanganmarket,2026-08-20,2,"=""1784079000000""","=""2026-07-15 10:30:00.000""","=""1784079180000""","=""2026-07-15 10:33:00.000""",1020,1200,"{""dryRun"":false,""entryMode"":""auto"",""menuKeyword"":"""",""openAtMs"":1784079000000,""paymentMethodAutoAdvance"":true,""paymentMethodPolicy"":""selected_allowed"",""personCount"":2,""postSlotEnabled"":true,""preOpenLeadMs"":200,""priorityTimes"":[],""reservationDate"":""2026-08-20"",""stopAtMs"":1784079180000,""tablePreference"":""any"",""targetUrl"":""https://app.catchtable.co.kr/ct/shop/gwanganmarket"",""timeRange"":{""endMinutes"":1200,""startMinutes"":1020},""toggleIntervalMs"":100}",4,STATE_CHANGED,trace,content,"=""1784078926602""","=""2026-07-15 10:28:46.602""",,,SYNCING_CLOCK,캐치테이블 서버 시계를 측정합니다.,,,,,,,,,,,,,,,,,,,,,,,,,,,,,,,,,,,,,,,,,,,,,,,,,,,,,,,,,,,,,,,state,,,,,,,,,,,,,,,,,,,,,,,,,,,,,,,SYNCING_CLOCK,,,,,,,,,,,,,,,,,,,,,
run-4b569267-ab39-4ce2-b4a7-e3c0261c16e3,0.2.0,"=""1784078926599""","=""2026-07-15 10:28:46.599""","=""1784079002969""","=""2026-07-15 10:30:02.969""",HANDED_OFF,40,0,https://app.catchtable.co.kr/ct/shop/gwanganmarket,2026-08-20,2,"=""1784079000000""","=""2026-07-15 10:30:00.000""","=""1784079180000""","=""2026-07-15 10:33:00.000""",1020,1200,"{""dryRun"":false,""entryMode"":""auto"",""menuKeyword"":"""",""openAtMs"":1784079000000,""paymentMethodAutoAdvance"":true,""paymentMethodPolicy"":""selected_allowed"",""personCount"":2,""postSlotEnabled"":true,""preOpenLeadMs"":200,""priorityTimes"":[],""reservationDate"":""2026-08-20"",""stopAtMs"":1784079180000,""tablePreference"":""any"",""targetUrl"":""https://app.catchtable.co.kr/ct/shop/gwanganmarket"",""timeRange"":{""endMinutes"":1200,""startMinutes"":1020},""toggleIntervalMs"":100}",5,CLOCK_SYNCED,trace,content,"=""1784078926811""","=""2026-07-15 10:28:46.811""","=""1784078928604.5503""","=""2026-07-15 10:28:48.604""",,서버 시계 보정을 완료했습니다.,,,,,,,,,,,,,,,,,,,,,,,,,,,,,,,,,,-1,0,LOW,1,207.69999999552965,207.69999999552965,1784078927007.85,1784078926404,1793,1784078927611.7,207.69999999552965,bootstrap,1,APP_HEAD_HTTP_DATE,603.8499755859375,,,,,,,,,,,,,,,metric,,,,,,,,,,,,,,,,,,,,,,,,,,,,,,,,,,,,,,,,,,,,,,,,,,,,
run-4b569267-ab39-4ce2-b4a7-e3c0261c16e3,0.2.0,"=""1784078926599""","=""2026-07-15 10:28:46.599""","=""1784079002969""","=""2026-07-15 10:30:02.969""",HANDED_OFF,40,0,https://app.catchtable.co.kr/ct/shop/gwanganmarket,2026-08-20,2,"=""1784079000000""","=""2026-07-15 10:30:00.000""","=""1784079180000""","=""2026-07-15 10:33:00.000""",1020,1200,"{""dryRun"":false,""entryMode"":""auto"",""menuKeyword"":"""",""openAtMs"":1784079000000,""paymentMethodAutoAdvance"":true,""paymentMethodPolicy"":""selected_allowed"",""personCount"":2,""postSlotEnabled"":true,""preOpenLeadMs"":200,""priorityTimes"":[],""reservationDate"":""2026-08-20"",""stopAtMs"":1784079180000,""tablePreference"":""any"",""targetUrl"":""https://app.catchtable.co.kr/ct/shop/gwanganmarket"",""timeRange"":{""endMinutes"":1200,""startMinutes"":1020},""toggleIntervalMs"":100}",6,STATE_CHANGED,trace,content,"=""1784078926812""","=""2026-07-15 10:28:46.812""","=""1784078928605.2502""","=""2026-07-15 10:28:48.605""",ENTERING_RESERVATION,예약창 진입 상태를 확인합니다.,,,,,,,,,,,,,,,,,,,,,,,,,,,,,,,,,,,,,,,,,,,,,,,,,,,,,,,,,,,,,,,state,,,,,,,,,,,,,,,,,,,,,,,,,,,,,,,ENTERING_RESERVATION,,,,,,,,,,,,,,,,,,,,,
run-4b569267-ab39-4ce2-b4a7-e3c0261c16e3,0.2.0,"=""1784078926599""","=""2026-07-15 10:28:46.599""","=""1784079002969""","=""2026-07-15 10:30:02.969""",HANDED_OFF,40,0,https://app.catchtable.co.kr/ct/shop/gwanganmarket,2026-08-20,2,"=""1784079000000""","=""2026-07-15 10:30:00.000""","=""1784079180000""","=""2026-07-15 10:33:00.000""",1020,1200,"{""dryRun"":false,""entryMode"":""auto"",""menuKeyword"":"""",""openAtMs"":1784079000000,""paymentMethodAutoAdvance"":true,""paymentMethodPolicy"":""selected_allowed"",""personCount"":2,""postSlotEnabled"":true,""preOpenLeadMs"":200,""priorityTimes"":[],""reservationDate"":""2026-08-20"",""stopAtMs"":1784079180000,""tablePreference"":""any"",""targetUrl"":""https://app.catchtable.co.kr/ct/shop/gwanganmarket"",""timeRange"":{""endMinutes"":1200,""startMinutes"":1020},""toggleIntervalMs"":100}",7,ACTION_PERFORMED,trace,content,"=""1784078927586""","=""2026-07-15 10:28:47.586""","=""1784078929275.9001""","=""2026-07-15 10:28:49.275""",,예약하기 버튼을 클릭했습니다.,,,,,,,,,,,,,,,,,,,,,,,,,,,,,,,,,,,,,,,,,,,,,,,,,,,,,,,,,,,,,,,action,,,,,,,,,,,,,,,,,,,,,,,,,,,,,,,,,,,,,,,,,,,,,,,,,,,,
run-4b569267-ab39-4ce2-b4a7-e3c0261c16e3,0.2.0,"=""1784078926599""","=""2026-07-15 10:28:46.599""","=""1784079002969""","=""2026-07-15 10:30:02.969""",HANDED_OFF,40,0,https://app.catchtable.co.kr/ct/shop/gwanganmarket,2026-08-20,2,"=""1784079000000""","=""2026-07-15 10:30:00.000""","=""1784079180000""","=""2026-07-15 10:33:00.000""",1020,1200,"{""dryRun"":false,""entryMode"":""auto"",""menuKeyword"":"""",""openAtMs"":1784079000000,""paymentMethodAutoAdvance"":true,""paymentMethodPolicy"":""selected_allowed"",""personCount"":2,""postSlotEnabled"":true,""preOpenLeadMs"":200,""priorityTimes"":[],""reservationDate"":""2026-08-20"",""stopAtMs"":1784079180000,""tablePreference"":""any"",""targetUrl"":""https://app.catchtable.co.kr/ct/shop/gwanganmarket"",""timeRange"":{""endMinutes"":1200,""startMinutes"":1020},""toggleIntervalMs"":100}",8,AVAILABILITY_SHADOW,trace,content,"=""1784078927978""","=""2026-07-15 10:28:47.978""","=""1784078929667.4001""","=""2026-07-15 10:28:49.667""",ENTERING_RESERVATION,슬롯 응답 shadow를 POPULATED로 분류했습니다.,,,,,,,,,,,,,,,,,3,"1080,1140,1200",,,,2664.39999999851,,,0.20000000298023224,98.89999999850988,2763.60000000149,,,none,POPULATED,,,,,,,,,,,,,,,,,,,NONE,,,,,,,,,,,,,,,,false,,,,,,2664.7000000029802,2,body,,,,,,,260715,2495.3000000044703,1,2664.39999999851,200,,1080,1,,,,,false,,,,,,,,,,,,,,false,2763.8000000044703,,untrusted_quality,,,,,
run-4b569267-ab39-4ce2-b4a7-e3c0261c16e3,0.2.0,"=""1784078926599""","=""2026-07-15 10:28:46.599""","=""1784079002969""","=""2026-07-15 10:30:02.969""",HANDED_OFF,40,0,https://app.catchtable.co.kr/ct/shop/gwanganmarket,2026-08-20,2,"=""1784079000000""","=""2026-07-15 10:30:00.000""","=""1784079180000""","=""2026-07-15 10:33:00.000""",1020,1200,"{""dryRun"":false,""entryMode"":""auto"",""menuKeyword"":"""",""openAtMs"":1784079000000,""paymentMethodAutoAdvance"":true,""paymentMethodPolicy"":""selected_allowed"",""personCount"":2,""postSlotEnabled"":true,""preOpenLeadMs"":200,""priorityTimes"":[],""reservationDate"":""2026-08-20"",""stopAtMs"":1784079180000,""tablePreference"":""any"",""targetUrl"":""https://app.catchtable.co.kr/ct/shop/gwanganmarket"",""timeRange"":{""endMinutes"":1200,""startMinutes"":1020},""toggleIntervalMs"":100}",9,STATE_CHANGED,trace,content,"=""1784078928000""","=""2026-07-15 10:28:48.000""","=""1784078929688.9001""","=""2026-07-15 10:28:49.688""",SELECTING_DATE,목표 월과 예약 날짜를 준비합니다.,,,,,,,,,,,,,,,,,,,,,,,,,,,,,,,,,,,,,,,,,,,,,,,,,,,,,,,,,,,,,,,state,,,,,,,,,,,,,,,,,,,,,,,,,,,,,,,SELECTING_DATE,,,,,,,,,,,,,,,,,,,,,
run-4b569267-ab39-4ce2-b4a7-e3c0261c16e3,0.2.0,"=""1784078926599""","=""2026-07-15 10:28:46.599""","=""1784079002969""","=""2026-07-15 10:30:02.969""",HANDED_OFF,40,0,https://app.catchtable.co.kr/ct/shop/gwanganmarket,2026-08-20,2,"=""1784079000000""","=""2026-07-15 10:30:00.000""","=""1784079180000""","=""2026-07-15 10:33:00.000""",1020,1200,"{""dryRun"":false,""entryMode"":""auto"",""menuKeyword"":"""",""openAtMs"":1784079000000,""paymentMethodAutoAdvance"":true,""paymentMethodPolicy"":""selected_allowed"",""personCount"":2,""postSlotEnabled"":true,""preOpenLeadMs"":200,""priorityTimes"":[],""reservationDate"":""2026-08-20"",""stopAtMs"":1784079180000,""tablePreference"":""any"",""targetUrl"":""https://app.catchtable.co.kr/ct/shop/gwanganmarket"",""timeRange"":{""endMinutes"":1200,""startMinutes"":1020},""toggleIntervalMs"":100}",10,ACTION_PERFORMED,trace,content,"=""1784078928013""","=""2026-07-15 10:28:48.013""","=""1784078929702.3""","=""2026-07-15 10:28:49.702""",,2026-08 달력으로 이동합니다.,,,,,,,,,,,,,,,,,,,,,,,,,,,,,,,,,,,,,,,,,,,,,,,,,,,,,,,,,,,,,,,action,,,,,,,,,,,,,,,,,,,,,,,,,,,,,,,,,,,,,,,,,,,,,,,,,,,,
run-4b569267-ab39-4ce2-b4a7-e3c0261c16e3,0.2.0,"=""1784078926599""","=""2026-07-15 10:28:46.599""","=""1784079002969""","=""2026-07-15 10:30:02.969""",HANDED_OFF,40,0,https://app.catchtable.co.kr/ct/shop/gwanganmarket,2026-08-20,2,"=""1784079000000""","=""2026-07-15 10:30:00.000""","=""1784079180000""","=""2026-07-15 10:33:00.000""",1020,1200,"{""dryRun"":false,""entryMode"":""auto"",""menuKeyword"":"""",""openAtMs"":1784079000000,""paymentMethodAutoAdvance"":true,""paymentMethodPolicy"":""selected_allowed"",""personCount"":2,""postSlotEnabled"":true,""preOpenLeadMs"":200,""priorityTimes"":[],""reservationDate"":""2026-08-20"",""stopAtMs"":1784079180000,""tablePreference"":""any"",""targetUrl"":""https://app.catchtable.co.kr/ct/shop/gwanganmarket"",""timeRange"":{""endMinutes"":1200,""startMinutes"":1020},""toggleIntervalMs"":100}",11,ACTION_PERFORMED,trace,content,"=""1784078928103""","=""2026-07-15 10:28:48.103""","=""1784078929792.6""","=""2026-07-15 10:28:49.792""",,2026-08-20 날짜를 선택했습니다.,,,,,,,,,,,,,,,,,,,,,,,,,,,,,,,,,,,,,,,,,,,,,,,,,,,,,,,,,,,,,,,action,,,,,,,,,,,,,,,,,,,,,,,,,,,,,,,,,,,,,,,,,,,,,,,,,,,,
run-4b569267-ab39-4ce2-b4a7-e3c0261c16e3,0.2.0,"=""1784078926599""","=""2026-07-15 10:28:46.599""","=""1784079002969""","=""2026-07-15 10:30:02.969""",HANDED_OFF,40,0,https://app.catchtable.co.kr/ct/shop/gwanganmarket,2026-08-20,2,"=""1784079000000""","=""2026-07-15 10:30:00.000""","=""1784079180000""","=""2026-07-15 10:33:00.000""",1020,1200,"{""dryRun"":false,""entryMode"":""auto"",""menuKeyword"":"""",""openAtMs"":1784079000000,""paymentMethodAutoAdvance"":true,""paymentMethodPolicy"":""selected_allowed"",""personCount"":2,""postSlotEnabled"":true,""preOpenLeadMs"":200,""priorityTimes"":[],""reservationDate"":""2026-08-20"",""stopAtMs"":1784079180000,""tablePreference"":""any"",""targetUrl"":""https://app.catchtable.co.kr/ct/shop/gwanganmarket"",""timeRange"":{""endMinutes"":1200,""startMinutes"":1020},""toggleIntervalMs"":100}",12,STATE_CHANGED,trace,content,"=""1784078928313""","=""2026-07-15 10:28:48.313""","=""1784078930002.7002""","=""2026-07-15 10:28:50.002""",SELECTING_PERSON,예약 인원을 준비합니다.,,,,,,,,,,,,,,,,,,,,,,,,,,,,,,,,,,,,,,,,,,,,,,,,,,,,,,,,,,,,,,,state,,,,,,,,,,,,,,,,,,,,,,,,,,,,,,,SELECTING_PERSON,,,,,,,,,,,,,,,,,,,,,
run-4b569267-ab39-4ce2-b4a7-e3c0261c16e3,0.2.0,"=""1784078926599""","=""2026-07-15 10:28:46.599""","=""1784079002969""","=""2026-07-15 10:30:02.969""",HANDED_OFF,40,0,https://app.catchtable.co.kr/ct/shop/gwanganmarket,2026-08-20,2,"=""1784079000000""","=""2026-07-15 10:30:00.000""","=""1784079180000""","=""2026-07-15 10:33:00.000""",1020,1200,"{""dryRun"":false,""entryMode"":""auto"",""menuKeyword"":"""",""openAtMs"":1784079000000,""paymentMethodAutoAdvance"":true,""paymentMethodPolicy"":""selected_allowed"",""personCount"":2,""postSlotEnabled"":true,""preOpenLeadMs"":200,""priorityTimes"":[],""reservationDate"":""2026-08-20"",""stopAtMs"":1784079180000,""tablePreference"":""any"",""targetUrl"":""https://app.catchtable.co.kr/ct/shop/gwanganmarket"",""timeRange"":{""endMinutes"":1200,""startMinutes"":1020},""toggleIntervalMs"":100}",13,STATE_CHANGED,trace,content,"=""1784078928315""","=""2026-07-15 10:28:48.315""","=""1784078930004.9001""","=""2026-07-15 10:28:50.004""",PREPARING_PAGE,예약 모달과 목표 날짜를 확인합니다.,,,,,,,,,,,,,,,,,,,,,,,,,,,,,,,,,,,,,,,,,,,,,,,,,,,,,,,,,,,,,,,state,,,,,,,,,,,,,,,,,,,,,,,,,,,,,,,PREPARING_PAGE,,,,,,,,,,,,,,,,,,,,,
run-4b569267-ab39-4ce2-b4a7-e3c0261c16e3,0.2.0,"=""1784078926599""","=""2026-07-15 10:28:46.599""","=""1784079002969""","=""2026-07-15 10:30:02.969""",HANDED_OFF,40,0,https://app.catchtable.co.kr/ct/shop/gwanganmarket,2026-08-20,2,"=""1784079000000""","=""2026-07-15 10:30:00.000""","=""1784079180000""","=""2026-07-15 10:33:00.000""",1020,1200,"{""dryRun"":false,""entryMode"":""auto"",""menuKeyword"":"""",""openAtMs"":1784079000000,""paymentMethodAutoAdvance"":true,""paymentMethodPolicy"":""selected_allowed"",""personCount"":2,""postSlotEnabled"":true,""preOpenLeadMs"":200,""priorityTimes"":[],""reservationDate"":""2026-08-20"",""stopAtMs"":1784079180000,""tablePreference"":""any"",""targetUrl"":""https://app.catchtable.co.kr/ct/shop/gwanganmarket"",""timeRange"":{""endMinutes"":1200,""startMinutes"":1020},""toggleIntervalMs"":100}",14,STATE_CHANGED,trace,content,"=""1784078928318""","=""2026-07-15 10:28:48.318""","=""1784078930007.6""","=""2026-07-15 10:28:50.007""",WAITING_FOR_OPEN,예약 오픈 직전까지 대기합니다.,,,,,,,,,,,,,,,,,,,,,,,,,,,,,,,,,,,,,,,,,,,,,,,,,,,,,,,,,,,,,,,state,,,,,,,,,,,,,,,,,,,,,,,,,,,,,,,WAITING_FOR_OPEN,,,,,,,,,,,,,,,,,,,,,
run-4b569267-ab39-4ce2-b4a7-e3c0261c16e3,0.2.0,"=""1784078926599""","=""2026-07-15 10:28:46.599""","=""1784079002969""","=""2026-07-15 10:30:02.969""",HANDED_OFF,40,0,https://app.catchtable.co.kr/ct/shop/gwanganmarket,2026-08-20,2,"=""1784079000000""","=""2026-07-15 10:30:00.000""","=""1784079180000""","=""2026-07-15 10:33:00.000""",1020,1200,"{""dryRun"":false,""entryMode"":""auto"",""menuKeyword"":"""",""openAtMs"":1784079000000,""paymentMethodAutoAdvance"":true,""paymentMethodPolicy"":""selected_allowed"",""personCount"":2,""postSlotEnabled"":true,""preOpenLeadMs"":200,""priorityTimes"":[],""reservationDate"":""2026-08-20"",""stopAtMs"":1784079180000,""tablePreference"":""any"",""targetUrl"":""https://app.catchtable.co.kr/ct/shop/gwanganmarket"",""timeRange"":{""endMinutes"":1200,""startMinutes"":1020},""toggleIntervalMs"":100}",15,CLOCK_SYNCED,trace,content,"=""1784078928318""","=""2026-07-15 10:28:48.318""","=""1784078930007.8""","=""2026-07-15 10:28:50.007""",,예약 오픈 직전 진입 시점을 결정했습니다.,,,,,,,,,,,,,,,,,,,,,,,,,,,,,,,,,907.1999999955297,-1,0,LOW,2,191.29999999701977,383.59999999403954,1784078926903.5,1784078926404,1690,1784078927403,207.69999999552965,armed,2,APP_HEAD_HTTP_DATE,499.5,,,,,,,,,,,,,,,metric,,,,,,,,,,,,,,,,,,,,,,,,,,,,,,,,,,,,,,,,,,,,,,,,,,,,
run-4b569267-ab39-4ce2-b4a7-e3c0261c16e3,0.2.0,"=""1784078926599""","=""2026-07-15 10:28:46.599""","=""1784079002969""","=""2026-07-15 10:30:02.969""",HANDED_OFF,40,0,https://app.catchtable.co.kr/ct/shop/gwanganmarket,2026-08-20,2,"=""1784079000000""","=""2026-07-15 10:30:00.000""","=""1784079180000""","=""2026-07-15 10:33:00.000""",1020,1200,"{""dryRun"":false,""entryMode"":""auto"",""menuKeyword"":"""",""openAtMs"":1784079000000,""paymentMethodAutoAdvance"":true,""paymentMethodPolicy"":""selected_allowed"",""personCount"":2,""postSlotEnabled"":true,""preOpenLeadMs"":200,""priorityTimes"":[],""reservationDate"":""2026-08-20"",""stopAtMs"":1784079180000,""tablePreference"":""any"",""targetUrl"":""https://app.catchtable.co.kr/ct/shop/gwanganmarket"",""timeRange"":{""endMinutes"":1200,""startMinutes"":1020},""toggleIntervalMs"":100}",16,AVAILABILITY_SHADOW,trace,content,"=""1784078928420""","=""2026-07-15 10:28:48.420""","=""1784078930109.1""","=""2026-07-15 10:28:50.109""",WAITING_FOR_OPEN,슬롯 응답 shadow를 EMPTY로 분류했습니다.,,,,,,,,,,,,,,,,,0,,,,,3182.60000000149,,,0.10000000149011612,22.799999997019768,3205.5,,,none,EMPTY,,,,,,,,,,,,,,,,,,,NONE,,,,,,,,,,,,,,,,false,,,,,,3182.7000000029802,2,body,,,,,,,260820,3051.2000000029802,2,3182.60000000149,200,,,2,,,,,false,,,,,,,,,,,,,,false,3205.60000000149,,untrusted_quality,,,,,
run-4b569267-ab39-4ce2-b4a7-e3c0261c16e3,0.2.0,"=""1784078926599""","=""2026-07-15 10:28:46.599""","=""1784079002969""","=""2026-07-15 10:30:02.969""",HANDED_OFF,40,0,https://app.catchtable.co.kr/ct/shop/gwanganmarket,2026-08-20,2,"=""1784079000000""","=""2026-07-15 10:30:00.000""","=""1784079180000""","=""2026-07-15 10:33:00.000""",1020,1200,"{""dryRun"":false,""entryMode"":""auto"",""menuKeyword"":"""",""openAtMs"":1784079000000,""paymentMethodAutoAdvance"":true,""paymentMethodPolicy"":""selected_allowed"",""personCount"":2,""postSlotEnabled"":true,""preOpenLeadMs"":200,""priorityTimes"":[],""reservationDate"":""2026-08-20"",""stopAtMs"":1784079180000,""tablePreference"":""any"",""targetUrl"":""https://app.catchtable.co.kr/ct/shop/gwanganmarket"",""timeRange"":{""endMinutes"":1200,""startMinutes"":1020},""toggleIntervalMs"":100}",17,STATE_CHANGED,trace,content,"=""1784078998676""","=""2026-07-15 10:29:58.676""","=""1784078999093.85""","=""2026-07-15 10:29:59.093""",REFRESHING_SLOTS,날짜 토글로 예약 슬롯을 갱신합니다.,,,,,,,,,,,,,,,,,,,,,,,,,,,,,,,,,,,,,,,,,,,,,,,,,,,,,,,,,,,,,,,state,,,,,,,,,,,,,,,,,,,,,,,,,,,,,,,REFRESHING_SLOTS,,,,,,,,,,,,,,,,,,,,,
run-4b569267-ab39-4ce2-b4a7-e3c0261c16e3,0.2.0,"=""1784078926599""","=""2026-07-15 10:28:46.599""","=""1784079002969""","=""2026-07-15 10:30:02.969""",HANDED_OFF,40,0,https://app.catchtable.co.kr/ct/shop/gwanganmarket,2026-08-20,2,"=""1784079000000""","=""2026-07-15 10:30:00.000""","=""1784079180000""","=""2026-07-15 10:33:00.000""",1020,1200,"{""dryRun"":false,""entryMode"":""auto"",""menuKeyword"":"""",""openAtMs"":1784079000000,""paymentMethodAutoAdvance"":true,""paymentMethodPolicy"":""selected_allowed"",""personCount"":2,""postSlotEnabled"":true,""preOpenLeadMs"":200,""priorityTimes"":[],""reservationDate"":""2026-08-20"",""stopAtMs"":1784079180000,""tablePreference"":""any"",""targetUrl"":""https://app.catchtable.co.kr/ct/shop/gwanganmarket"",""timeRange"":{""endMinutes"":1200,""startMinutes"":1020},""toggleIntervalMs"":100}",18,AVAILABILITY_SHADOW,trace,content,"=""1784078998953""","=""2026-07-15 10:29:58.953""","=""1784078999371.25""","=""2026-07-15 10:29:59.371""",REFRESHING_SLOTS,슬롯 응답 shadow를 IRRELEVANT로 분류했습니다.,,,,,,,,,,,,,,,,,0,,,,,73714,,,0.09999999403953552,24.80000000447035,73738.80000000447,,,none,IRRELEVANT,,,,,,,,,,,,,,,,,,,NONE,,,,,,,,,,,,,,,,false,,,,,,73714,2,body,,,,,,,260819,73606.70000000298,3,73714,0,,,3,,,,,false,,,,,,,,,,,,,,false,73738.89999999851,,untrusted_quality,,,,,
run-4b569267-ab39-4ce2-b4a7-e3c0261c16e3,0.2.0,"=""1784078926599""","=""2026-07-15 10:28:46.599""","=""1784079002969""","=""2026-07-15 10:30:02.969""",HANDED_OFF,40,0,https://app.catchtable.co.kr/ct/shop/gwanganmarket,2026-08-20,2,"=""1784079000000""","=""2026-07-15 10:30:00.000""","=""1784079180000""","=""2026-07-15 10:33:00.000""",1020,1200,"{""dryRun"":false,""entryMode"":""auto"",""menuKeyword"":"""",""openAtMs"":1784079000000,""paymentMethodAutoAdvance"":true,""paymentMethodPolicy"":""selected_allowed"",""personCount"":2,""postSlotEnabled"":true,""preOpenLeadMs"":200,""priorityTimes"":[],""reservationDate"":""2026-08-20"",""stopAtMs"":1784079180000,""tablePreference"":""any"",""targetUrl"":""https://app.catchtable.co.kr/ct/shop/gwanganmarket"",""timeRange"":{""endMinutes"":1200,""startMinutes"":1020},""toggleIntervalMs"":100}",19,AVAILABILITY_SHADOW,trace,content,"=""1784078998990""","=""2026-07-15 10:29:58.990""","=""1784078999408.55""","=""2026-07-15 10:29:59.408""",REFRESHING_SLOTS,슬롯 응답 shadow를 EMPTY로 분류했습니다.,,,,,,,,,,,,,,,,,0,,,,,73765,,,0.10000000149011612,10.899999998509884,73776,,,none,EMPTY,,,,,,,,,,,,,,,,,,cycle:1:request:4,EXACT,1,,,,,,,,,,,,,,,true,,,,,,73765.10000000149,2,body,,,,,,,260820,73715.30000000447,4,73765,200,,,4,,,,,false,,,,,,,,,,,,,,false,73776.10000000149,,no_matching_slot,,,,,
run-4b569267-ab39-4ce2-b4a7-e3c0261c16e3,0.2.0,"=""1784078926599""","=""2026-07-15 10:28:46.599""","=""1784079002969""","=""2026-07-15 10:30:02.969""",HANDED_OFF,40,0,https://app.catchtable.co.kr/ct/shop/gwanganmarket,2026-08-20,2,"=""1784079000000""","=""2026-07-15 10:30:00.000""","=""1784079180000""","=""2026-07-15 10:33:00.000""",1020,1200,"{""dryRun"":false,""entryMode"":""auto"",""menuKeyword"":"""",""openAtMs"":1784079000000,""paymentMethodAutoAdvance"":true,""paymentMethodPolicy"":""selected_allowed"",""personCount"":2,""postSlotEnabled"":true,""preOpenLeadMs"":200,""priorityTimes"":[],""reservationDate"":""2026-08-20"",""stopAtMs"":1784079180000,""tablePreference"":""any"",""targetUrl"":""https://app.catchtable.co.kr/ct/shop/gwanganmarket"",""timeRange"":{""endMinutes"":1200,""startMinutes"":1020},""toggleIntervalMs"":100}",20,DATE_TOGGLE_CYCLE,trace,content,"=""1784078999231""","=""2026-07-15 10:29:59.231""","=""1784078999648.85""","=""2026-07-15 10:29:59.648""",REFRESHING_SLOTS,날짜 토글 #1: NO_SLOT,,,,true,1784078999168.1501,2026-08-19,,1784078999155.05,,,,,,1784078999397.6501,,,,,0,,,,,,,,,,,,,,,,,,,,,,,,,,,,,,,,1,,,,,,,,,,,,,,0,,,,,,,,,warmup,,,,,,,,,,,,NO_SLOT,,,,,11,,,,true,1784078999277.75,,1784078999195.05,,,,1784078999375.35,,,,,,,,,true,,false,live,
run-4b569267-ab39-4ce2-b4a7-e3c0261c16e3,0.2.0,"=""1784078926599""","=""2026-07-15 10:28:46.599""","=""1784079002969""","=""2026-07-15 10:30:02.969""",HANDED_OFF,40,0,https://app.catchtable.co.kr/ct/shop/gwanganmarket,2026-08-20,2,"=""1784079000000""","=""2026-07-15 10:30:00.000""","=""1784079180000""","=""2026-07-15 10:33:00.000""",1020,1200,"{""dryRun"":false,""entryMode"":""auto"",""menuKeyword"":"""",""openAtMs"":1784079000000,""paymentMethodAutoAdvance"":true,""paymentMethodPolicy"":""selected_allowed"",""personCount"":2,""postSlotEnabled"":true,""preOpenLeadMs"":200,""priorityTimes"":[],""reservationDate"":""2026-08-20"",""stopAtMs"":1784079180000,""tablePreference"":""any"",""targetUrl"":""https://app.catchtable.co.kr/ct/shop/gwanganmarket"",""timeRange"":{""endMinutes"":1200,""startMinutes"":1020},""toggleIntervalMs"":100}",21,AVAILABILITY_SHADOW,trace,content,"=""1784078999440""","=""2026-07-15 10:29:59.440""","=""1784078999858.1501""","=""2026-07-15 10:29:59.858""",REFRESHING_SLOTS,슬롯 응답 shadow를 IRRELEVANT로 분류했습니다.,,,,,,,,,,,,,,,,,0,,,,,74204.70000000298,,,0,21.100000001490116,74225.80000000447,,,none,IRRELEVANT,,,,,,,,,,,,,,,,,,,NONE,,,,,,,,,,,,,,,,false,,,,,,74204.70000000298,2,body,,,,,,,260819,74118.30000000447,5,74204.70000000298,0,,,5,,,,,false,,,,,,,,,,,,,,false,74225.80000000447,,untrusted_quality,,,,,
run-4b569267-ab39-4ce2-b4a7-e3c0261c16e3,0.2.0,"=""1784078926599""","=""2026-07-15 10:28:46.599""","=""1784079002969""","=""2026-07-15 10:30:02.969""",HANDED_OFF,40,0,https://app.catchtable.co.kr/ct/shop/gwanganmarket,2026-08-20,2,"=""1784079000000""","=""2026-07-15 10:30:00.000""","=""1784079180000""","=""2026-07-15 10:33:00.000""",1020,1200,"{""dryRun"":false,""entryMode"":""auto"",""menuKeyword"":"""",""openAtMs"":1784079000000,""paymentMethodAutoAdvance"":true,""paymentMethodPolicy"":""selected_allowed"",""personCount"":2,""postSlotEnabled"":true,""preOpenLeadMs"":200,""priorityTimes"":[],""reservationDate"":""2026-08-20"",""stopAtMs"":1784079180000,""tablePreference"":""any"",""targetUrl"":""https://app.catchtable.co.kr/ct/shop/gwanganmarket"",""timeRange"":{""endMinutes"":1200,""startMinutes"":1020},""toggleIntervalMs"":100}",22,DATE_TOGGLE_CYCLE,trace,content,"=""1784078999690""","=""2026-07-15 10:29:59.690""","=""1784079000108.6501""","=""2026-07-15 10:30:00.108""",REFRESHING_SLOTS,날짜 토글 #2: NO_SLOT,,,,true,1784078999684.1501,2026-08-19,,1784078999660,,,,,,1784078999858.4502,,,,,0,,,,,,,,,,,,,,,,,,,,,,,,,,,,,,,,2,,,,,,,,,,,,,,0,,,,,,,,,precision,,,,,,,,,,,,NO_SLOT,,,,,11,,,,true,1784078999792.1501,,1784078999700,,,,1784078999860.9502,,,,,,,,,true,,false,live,
run-4b569267-ab39-4ce2-b4a7-e3c0261c16e3,0.2.0,"=""1784078926599""","=""2026-07-15 10:28:46.599""","=""1784079002969""","=""2026-07-15 10:30:02.969""",HANDED_OFF,40,0,https://app.catchtable.co.kr/ct/shop/gwanganmarket,2026-08-20,2,"=""1784079000000""","=""2026-07-15 10:30:00.000""","=""1784079180000""","=""2026-07-15 10:33:00.000""",1020,1200,"{""dryRun"":false,""entryMode"":""auto"",""menuKeyword"":"""",""openAtMs"":1784079000000,""paymentMethodAutoAdvance"":true,""paymentMethodPolicy"":""selected_allowed"",""personCount"":2,""postSlotEnabled"":true,""preOpenLeadMs"":200,""priorityTimes"":[],""reservationDate"":""2026-08-20"",""stopAtMs"":1784079180000,""tablePreference"":""any"",""targetUrl"":""https://app.catchtable.co.kr/ct/shop/gwanganmarket"",""timeRange"":{""endMinutes"":1200,""startMinutes"":1020},""toggleIntervalMs"":100}",23,AVAILABILITY_SHADOW,trace,content,"=""1784078999938""","=""2026-07-15 10:29:59.938""","=""1784079000356.55""","=""2026-07-15 10:30:00.356""",REFRESHING_SLOTS,슬롯 응답 shadow를 IRRELEVANT로 분류했습니다.,,,,,,,,,,,,,,,,,0,,,,,74693.30000000447,,,0.10000000149011612,30.799999997019768,74724.10000000149,,,none,IRRELEVANT,,,,,,,,,,,,,,,,,,,NONE,,,,,,,,,,,,,,,,false,,,,,,74693.30000000447,2,body,,,,,,,260819,74591.89999999851,6,74693.30000000447,0,,,6,,,,,false,,,,,,,,,,,,,,false,74724.20000000298,,untrusted_quality,,,,,
run-4b569267-ab39-4ce2-b4a7-e3c0261c16e3,0.2.0,"=""1784078926599""","=""2026-07-15 10:28:46.599""","=""1784079002969""","=""2026-07-15 10:30:02.969""",HANDED_OFF,40,0,https://app.catchtable.co.kr/ct/shop/gwanganmarket,2026-08-20,2,"=""1784079000000""","=""2026-07-15 10:30:00.000""","=""1784079180000""","=""2026-07-15 10:33:00.000""",1020,1200,"{""dryRun"":false,""entryMode"":""auto"",""menuKeyword"":"""",""openAtMs"":1784079000000,""paymentMethodAutoAdvance"":true,""paymentMethodPolicy"":""selected_allowed"",""personCount"":2,""postSlotEnabled"":true,""preOpenLeadMs"":200,""priorityTimes"":[],""reservationDate"":""2026-08-20"",""stopAtMs"":1784079180000,""tablePreference"":""any"",""targetUrl"":""https://app.catchtable.co.kr/ct/shop/gwanganmarket"",""timeRange"":{""endMinutes"":1200,""startMinutes"":1020},""toggleIntervalMs"":100}",24,DATE_TOGGLE_CYCLE,trace,content,"=""1784079000193""","=""2026-07-15 10:30:00.193""","=""1784079000611.4502""","=""2026-07-15 10:30:00.611""",REFRESHING_SLOTS,날짜 토글 #3: NO_SLOT,,,,true,1784079000173.4502,2026-08-19,,1784079000160,,,,,,1784079000356.85,,,,,0,,,,,,,,,,,,,,,,,,,,,,,,,,,,,,,,3,,,,,,,,,,,,,,0,,,,,,,,,precision,,,,,,,,,,,,NO_SLOT,,,,,12,,,,true,1784079000264.35,,1784079000200,,,,1784079000360.55,,,,,,,,,true,,false,live,
run-4b569267-ab39-4ce2-b4a7-e3c0261c16e3,0.2.0,"=""1784078926599""","=""2026-07-15 10:28:46.599""","=""1784079002969""","=""2026-07-15 10:30:02.969""",HANDED_OFF,40,0,https://app.catchtable.co.kr/ct/shop/gwanganmarket,2026-08-20,2,"=""1784079000000""","=""2026-07-15 10:30:00.000""","=""1784079180000""","=""2026-07-15 10:33:00.000""",1020,1200,"{""dryRun"":false,""entryMode"":""auto"",""menuKeyword"":"""",""openAtMs"":1784079000000,""paymentMethodAutoAdvance"":true,""paymentMethodPolicy"":""selected_allowed"",""personCount"":2,""postSlotEnabled"":true,""preOpenLeadMs"":200,""priorityTimes"":[],""reservationDate"":""2026-08-20"",""stopAtMs"":1784079180000,""tablePreference"":""any"",""targetUrl"":""https://app.catchtable.co.kr/ct/shop/gwanganmarket"",""timeRange"":{""endMinutes"":1200,""startMinutes"":1020},""toggleIntervalMs"":100}",25,AVAILABILITY_SHADOW,trace,content,"=""1784079000407""","=""2026-07-15 10:30:00.407""","=""1784079000825.75""","=""2026-07-15 10:30:00.825""",REFRESHING_SLOTS,슬롯 응답 shadow를 IRRELEVANT로 분류했습니다.,,,,,,,,,,,,,,,,,0,,,,,75180.5,,,0,12.800000004470348,75193.30000000447,,,none,IRRELEVANT,,,,,,,,,,,,,,,,,,,NONE,,,,,,,,,,,,,,,,false,,,,,,75180.5,2,body,,,,,,,260819,75102.39999999851,7,75180.5,0,,,7,,,,,false,,,,,,,,,,,,,,false,75193.30000000447,,untrusted_quality,,,,,
run-4b569267-ab39-4ce2-b4a7-e3c0261c16e3,0.2.0,"=""1784078926599""","=""2026-07-15 10:28:46.599""","=""1784079002969""","=""2026-07-15 10:30:02.969""",HANDED_OFF,40,0,https://app.catchtable.co.kr/ct/shop/gwanganmarket,2026-08-20,2,"=""1784079000000""","=""2026-07-15 10:30:00.000""","=""1784079180000""","=""2026-07-15 10:33:00.000""",1020,1200,"{""dryRun"":false,""entryMode"":""auto"",""menuKeyword"":"""",""openAtMs"":1784079000000,""paymentMethodAutoAdvance"":true,""paymentMethodPolicy"":""selected_allowed"",""personCount"":2,""postSlotEnabled"":true,""preOpenLeadMs"":200,""priorityTimes"":[],""reservationDate"":""2026-08-20"",""stopAtMs"":1784079180000,""tablePreference"":""any"",""targetUrl"":""https://app.catchtable.co.kr/ct/shop/gwanganmarket"",""timeRange"":{""endMinutes"":1200,""startMinutes"":1020},""toggleIntervalMs"":100}",26,AVAILABILITY_SHADOW,trace,content,"=""1784079000474""","=""2026-07-15 10:30:00.474""","=""1784079000892.6501""","=""2026-07-15 10:30:00.892""",REFRESHING_SLOTS,슬롯 응답 shadow를 POPULATED로 분류했습니다.,,,,,,,,,,,,,,,,,3,"1080,1140,1200",,,,75223,,,0,37.20000000298023,75260.30000000447,,,none,POPULATED,,,,,,,,,,,,,,,,,,cycle:3:request:8,EXACT,3,,,,,,,,,,,,,,,true,,,,,,75223.10000000149,2,body,,,,,,,260820,75181.60000000149,8,75223,200,,1080,8,,,,,false,,,,,,,,,,,,,,false,75260.30000000447,,inactive_cycle,,,,,
run-4b569267-ab39-4ce2-b4a7-e3c0261c16e3,0.2.0,"=""1784078926599""","=""2026-07-15 10:28:46.599""","=""1784079002969""","=""2026-07-15 10:30:02.969""",HANDED_OFF,40,0,https://app.catchtable.co.kr/ct/shop/gwanganmarket,2026-08-20,2,"=""1784079000000""","=""2026-07-15 10:30:00.000""","=""1784079180000""","=""2026-07-15 10:33:00.000""",1020,1200,"{""dryRun"":false,""entryMode"":""auto"",""menuKeyword"":"""",""openAtMs"":1784079000000,""paymentMethodAutoAdvance"":true,""paymentMethodPolicy"":""selected_allowed"",""personCount"":2,""postSlotEnabled"":true,""preOpenLeadMs"":200,""priorityTimes"":[],""reservationDate"":""2026-08-20"",""stopAtMs"":1784079180000,""tablePreference"":""any"",""targetUrl"":""https://app.catchtable.co.kr/ct/shop/gwanganmarket"",""timeRange"":{""endMinutes"":1200,""startMinutes"":1020},""toggleIntervalMs"":100}",27,AVAILABILITY_SHADOW,trace,content,"=""1784079000491""","=""2026-07-15 10:30:00.491""","=""1784079000909.4502""","=""2026-07-15 10:30:00.909""",REFRESHING_SLOTS,body와 DOM 슬롯 후보를 비교했습니다.,,,,,,,,,,,,,,,,,,,,none,,,,,,,,,,dom,,,,,,,,,,,,,,,,,,,,NONE,4,,,,,,,,,,1080,75276.89999999851,,75260,,,,34,31,true,,,,dom_compare,,,,,,,,,,,,,,,,,,,,,,,,,,,,,,,,,,,,,,,,,
run-4b569267-ab39-4ce2-b4a7-e3c0261c16e3,0.2.0,"=""1784078926599""","=""2026-07-15 10:28:46.599""","=""1784079002969""","=""2026-07-15 10:30:02.969""",HANDED_OFF,40,0,https://app.catchtable.co.kr/ct/shop/gwanganmarket,2026-08-20,2,"=""1784079000000""","=""2026-07-15 10:30:00.000""","=""1784079180000""","=""2026-07-15 10:33:00.000""",1020,1200,"{""dryRun"":false,""entryMode"":""auto"",""menuKeyword"":"""",""openAtMs"":1784079000000,""paymentMethodAutoAdvance"":true,""paymentMethodPolicy"":""selected_allowed"",""personCount"":2,""postSlotEnabled"":true,""preOpenLeadMs"":200,""priorityTimes"":[],""reservationDate"":""2026-08-20"",""stopAtMs"":1784079180000,""tablePreference"":""any"",""targetUrl"":""https://app.catchtable.co.kr/ct/shop/gwanganmarket"",""timeRange"":{""endMinutes"":1200,""startMinutes"":1020},""toggleIntervalMs"":100}",28,DATE_TOGGLE_CYCLE,trace,content,"=""1784079000491""","=""2026-07-15 10:30:00.491""","=""1784079000909.55""","=""2026-07-15 10:30:00.909""",REFRESHING_SLOTS,날짜 토글 #4: SLOT_FOUND,,,,true,1784079000680.25,2026-08-19,,1784079000660,,,,,,1784079000855.55,,,,,3,,,,,,,,,,,,,,,,,,,,,,,,,,,,,,,,4,,,,,,,,,,,,,,3,,,,,,,,,precision,,,,,,,,,,,,SLOT_FOUND,,,,,2,,,,true,1784079000768.1501,,1784079000700,,,,1784079000832.1501,,,,,,,,,true,,false,live,
run-4b569267-ab39-4ce2-b4a7-e3c0261c16e3,0.2.0,"=""1784078926599""","=""2026-07-15 10:28:46.599""","=""1784079002969""","=""2026-07-15 10:30:02.969""",HANDED_OFF,40,0,https://app.catchtable.co.kr/ct/shop/gwanganmarket,2026-08-20,2,"=""1784079000000""","=""2026-07-15 10:30:00.000""","=""1784079180000""","=""2026-07-15 10:33:00.000""",1020,1200,"{""dryRun"":false,""entryMode"":""auto"",""menuKeyword"":"""",""openAtMs"":1784079000000,""paymentMethodAutoAdvance"":true,""paymentMethodPolicy"":""selected_allowed"",""personCount"":2,""postSlotEnabled"":true,""preOpenLeadMs"":200,""priorityTimes"":[],""reservationDate"":""2026-08-20"",""stopAtMs"":1784079180000,""tablePreference"":""any"",""targetUrl"":""https://app.catchtable.co.kr/ct/shop/gwanganmarket"",""timeRange"":{""endMinutes"":1200,""startMinutes"":1020},""toggleIntervalMs"":100}",29,STATE_CHANGED,trace,content,"=""1784079000492""","=""2026-07-15 10:30:00.492""","=""1784079000909.85""","=""2026-07-15 10:30:00.909""",SLOT_DETECTED,오후 6:00 슬롯을 감지했습니다.,,,,,,,680,,20,1784079000660,1784079000680.25,precision,,,,54,,,,,,,,,,,,,,,,,,,,MEDIUM,,,,,,419,,,,,,19,,,,,,,,,,,,,,,state,,,,73891,,,,910,,,,,,,,,,,,,,,,,,,,,,,SLOT_DETECTED,,,768,,,68,1784079000700,,1784079000768.1501,precision,1784079000909.75,slot_detected,,,,,,,,,1784079000855.55
run-4b569267-ab39-4ce2-b4a7-e3c0261c16e3,0.2.0,"=""1784078926599""","=""2026-07-15 10:28:46.599""","=""1784079002969""","=""2026-07-15 10:30:02.969""",HANDED_OFF,40,0,https://app.catchtable.co.kr/ct/shop/gwanganmarket,2026-08-20,2,"=""1784079000000""","=""2026-07-15 10:30:00.000""","=""1784079180000""","=""2026-07-15 10:33:00.000""",1020,1200,"{""dryRun"":false,""entryMode"":""auto"",""menuKeyword"":"""",""openAtMs"":1784079000000,""paymentMethodAutoAdvance"":true,""paymentMethodPolicy"":""selected_allowed"",""personCount"":2,""postSlotEnabled"":true,""preOpenLeadMs"":200,""priorityTimes"":[],""reservationDate"":""2026-08-20"",""stopAtMs"":1784079180000,""tablePreference"":""any"",""targetUrl"":""https://app.catchtable.co.kr/ct/shop/gwanganmarket"",""timeRange"":{""endMinutes"":1200,""startMinutes"":1020},""toggleIntervalMs"":100}",30,SLOT_DETECTED,info,content,"=""1784079000492""","=""2026-07-15 10:30:00.492""","=""1784079000910.1501""","=""2026-07-15 10:30:00.910""",,예약 조건과 일치하는 슬롯을 찾았습니다.,,,,,,,,,,,,,,,,,,,,,,,,,,,,,,,,,,,,,,,,,,,,,,,,,,,,,,,,,,,,,,,detect,,,,,,,,,,,,,,,,,,,,,,,,,,오후 6:00,1080,,,,,,,,,,,,,,,,,,,,,,,,,
run-4b569267-ab39-4ce2-b4a7-e3c0261c16e3,0.2.0,"=""1784078926599""","=""2026-07-15 10:28:46.599""","=""1784079002969""","=""2026-07-15 10:30:02.969""",HANDED_OFF,40,0,https://app.catchtable.co.kr/ct/shop/gwanganmarket,2026-08-20,2,"=""1784079000000""","=""2026-07-15 10:30:00.000""","=""1784079180000""","=""2026-07-15 10:33:00.000""",1020,1200,"{""dryRun"":false,""entryMode"":""auto"",""menuKeyword"":"""",""openAtMs"":1784079000000,""paymentMethodAutoAdvance"":true,""paymentMethodPolicy"":""selected_allowed"",""personCount"":2,""postSlotEnabled"":true,""preOpenLeadMs"":200,""priorityTimes"":[],""reservationDate"":""2026-08-20"",""stopAtMs"":1784079180000,""tablePreference"":""any"",""targetUrl"":""https://app.catchtable.co.kr/ct/shop/gwanganmarket"",""timeRange"":{""endMinutes"":1200,""startMinutes"":1020},""toggleIntervalMs"":100}",31,SLOT_CLICKED,info,content,"=""1784079000505""","=""2026-07-15 10:30:00.505""","=""1784079000922.9502""","=""2026-07-15 10:30:00.922""",SLOT_CLICK_DISPATCHED,오후 6:00 슬롯을 클릭했습니다.,,,,,,,,,,,,,,,,,,,,,,,,,,,,,,,,true,,,,,,,,,,,,,,,,,,,,,,,,,,,,,,,,,,,,,,,,,,,,,,,,,,,,,,,,,오후 6:00,1080,,dispatched,,,,,,,,,,,,,,,,,,,,,,,
run-4b569267-ab39-4ce2-b4a7-e3c0261c16e3,0.2.0,"=""1784078926599""","=""2026-07-15 10:28:46.599""","=""1784079002969""","=""2026-07-15 10:30:02.969""",HANDED_OFF,40,0,https://app.catchtable.co.kr/ct/shop/gwanganmarket,2026-08-20,2,"=""1784079000000""","=""2026-07-15 10:30:00.000""","=""1784079180000""","=""2026-07-15 10:33:00.000""",1020,1200,"{""dryRun"":false,""entryMode"":""auto"",""menuKeyword"":"""",""openAtMs"":1784079000000,""paymentMethodAutoAdvance"":true,""paymentMethodPolicy"":""selected_allowed"",""personCount"":2,""postSlotEnabled"":true,""preOpenLeadMs"":200,""priorityTimes"":[],""reservationDate"":""2026-08-20"",""stopAtMs"":1784079180000,""tablePreference"":""any"",""targetUrl"":""https://app.catchtable.co.kr/ct/shop/gwanganmarket"",""timeRange"":{""endMinutes"":1200,""startMinutes"":1020},""toggleIntervalMs"":100}",32,STATE_CHANGED,trace,content,"=""1784079000505""","=""2026-07-15 10:30:00.505""","=""1784079000923.05""","=""2026-07-15 10:30:00.923""",SLOT_CLICK_DISPATCHED,오후 6:00 슬롯 클릭을 전달했습니다.,,,,,,,,,,,,,,,67,,,,,,,,,,,,,,,,,,,,,MEDIUM,,,,,,419,,,,,,19,,,,,,,,,,,,,,,state,,,,73904,,,,923,,,,,,,,,,,,,,,,,,오후 6:00,1080,,dispatched,,SLOT_CLICK_DISPATCHED,,,,,,,,,,,1784079000922.9502,slot_click_dispatched,,,,,,,,,
run-4b569267-ab39-4ce2-b4a7-e3c0261c16e3,0.2.0,"=""1784078926599""","=""2026-07-15 10:28:46.599""","=""1784079002969""","=""2026-07-15 10:30:02.969""",HANDED_OFF,40,0,https://app.catchtable.co.kr/ct/shop/gwanganmarket,2026-08-20,2,"=""1784079000000""","=""2026-07-15 10:30:00.000""","=""1784079180000""","=""2026-07-15 10:33:00.000""",1020,1200,"{""dryRun"":false,""entryMode"":""auto"",""menuKeyword"":"""",""openAtMs"":1784079000000,""paymentMethodAutoAdvance"":true,""paymentMethodPolicy"":""selected_allowed"",""personCount"":2,""postSlotEnabled"":true,""preOpenLeadMs"":200,""priorityTimes"":[],""reservationDate"":""2026-08-20"",""stopAtMs"":1784079180000,""tablePreference"":""any"",""targetUrl"":""https://app.catchtable.co.kr/ct/shop/gwanganmarket"",""timeRange"":{""endMinutes"":1200,""startMinutes"":1020},""toggleIntervalMs"":100}",33,STATE_CHANGED,trace,content,"=""1784079000925""","=""2026-07-15 10:30:00.925""","=""1784079001342.85""","=""2026-07-15 10:30:01.342""",SLOT_TRANSITION_CONFIRMED,후속 예약 화면 도착을 확인했습니다. 좌석 확보 여부는 최종 예약 전까지 확정할 수 없습니다.,,,,,,,,,,,,,,,,,,,,,,,,,,,,,,,,,,,,,,,,,,,,,,,,,,,,취소 | 다음,0,1,테이블 타입 선택,0,1,테이블 타입 선택,shop,0,,,state,,,,,,,,,,,,exact,exact aria-label,ps-63679cc3,table_type,,aria-label-v1,,,,,,,,,,,,confirmed,,SLOT_TRANSITION_CONFIRMED,,,,,,,,,,,,,,,,,,,,,
run-4b569267-ab39-4ce2-b4a7-e3c0261c16e3,0.2.0,"=""1784078926599""","=""2026-07-15 10:28:46.599""","=""1784079002969""","=""2026-07-15 10:30:02.969""",HANDED_OFF,40,0,https://app.catchtable.co.kr/ct/shop/gwanganmarket,2026-08-20,2,"=""1784079000000""","=""2026-07-15 10:30:00.000""","=""1784079180000""","=""2026-07-15 10:33:00.000""",1020,1200,"{""dryRun"":false,""entryMode"":""auto"",""menuKeyword"":"""",""openAtMs"":1784079000000,""paymentMethodAutoAdvance"":true,""paymentMethodPolicy"":""selected_allowed"",""personCount"":2,""postSlotEnabled"":true,""preOpenLeadMs"":200,""priorityTimes"":[],""reservationDate"":""2026-08-20"",""stopAtMs"":1784079180000,""tablePreference"":""any"",""targetUrl"":""https://app.catchtable.co.kr/ct/shop/gwanganmarket"",""timeRange"":{""endMinutes"":1200,""startMinutes"":1020},""toggleIntervalMs"":100}",34,STATE_CHANGED,trace,content,"=""1784079000925""","=""2026-07-15 10:30:00.925""","=""1784079001343.1501""","=""2026-07-15 10:30:01.343""",ADVANCING_RESERVATION,예약 폼까지 선택적 중간 단계를 진행합니다.,,,,,,,,,,,,,,,,,,,,,,,,,,,,,,,,,,,,,,,,,,,,,,,,,,,,,,,,,,,,,,,state,,,,,,,,,,,,,,,,,,,,,,,,,,,,,,,ADVANCING_RESERVATION,,,,,,,,,,,,,,,,,,,,,
run-4b569267-ab39-4ce2-b4a7-e3c0261c16e3,0.2.0,"=""1784078926599""","=""2026-07-15 10:28:46.599""","=""1784079002969""","=""2026-07-15 10:30:02.969""",HANDED_OFF,40,0,https://app.catchtable.co.kr/ct/shop/gwanganmarket,2026-08-20,2,"=""1784079000000""","=""2026-07-15 10:30:00.000""","=""1784079180000""","=""2026-07-15 10:33:00.000""",1020,1200,"{""dryRun"":false,""entryMode"":""auto"",""menuKeyword"":"""",""openAtMs"":1784079000000,""paymentMethodAutoAdvance"":true,""paymentMethodPolicy"":""selected_allowed"",""personCount"":2,""postSlotEnabled"":true,""preOpenLeadMs"":200,""priorityTimes"":[],""reservationDate"":""2026-08-20"",""stopAtMs"":1784079180000,""tablePreference"":""any"",""targetUrl"":""https://app.catchtable.co.kr/ct/shop/gwanganmarket"",""timeRange"":{""endMinutes"":1200,""startMinutes"":1020},""toggleIntervalMs"":100}",35,POST_SLOT_ACTION,trace,content,"=""1784079000938""","=""2026-07-15 10:30:00.938""","=""1784079001356.35""","=""2026-07-15 10:30:01.356""",,바 타입을 선택했습니다.,,,,,,,,,,,,,,,,,,,,,,,,,,,,,,,,,,,,,,,,,,,,,,,,,,,,취소 | 다음,0,1,테이블 타입 선택,0,1,테이블 타입 선택,shop,0,,,action,,,,,,,,,,,,exact,exact aria-label,ps-63679cc3,table_type,acted,aria-label-v1,,,,,,,,,,,,,,,,,,,,,,,,,,,,,,,,,,,
run-4b569267-ab39-4ce2-b4a7-e3c0261c16e3,0.2.0,"=""1784078926599""","=""2026-07-15 10:28:46.599""","=""1784079002969""","=""2026-07-15 10:30:02.969""",HANDED_OFF,40,0,https://app.catchtable.co.kr/ct/shop/gwanganmarket,2026-08-20,2,"=""1784079000000""","=""2026-07-15 10:30:00.000""","=""1784079180000""","=""2026-07-15 10:33:00.000""",1020,1200,"{""dryRun"":false,""entryMode"":""auto"",""menuKeyword"":"""",""openAtMs"":1784079000000,""paymentMethodAutoAdvance"":true,""paymentMethodPolicy"":""selected_allowed"",""personCount"":2,""postSlotEnabled"":true,""preOpenLeadMs"":200,""priorityTimes"":[],""reservationDate"":""2026-08-20"",""stopAtMs"":1784079180000,""tablePreference"":""any"",""targetUrl"":""https://app.catchtable.co.kr/ct/shop/gwanganmarket"",""timeRange"":{""endMinutes"":1200,""startMinutes"":1020},""toggleIntervalMs"":100}",36,POST_SLOT_ACTION,trace,content,"=""1784079000981""","=""2026-07-15 10:30:00.981""","=""1784079001399.1501""","=""2026-07-15 10:30:01.399""",,테이블 타입 선택을 완료했습니다.,,,,,,,,,,,,,,,,,,,,,,,,,,,,,,,,,,,,,,,,,,,,,,,,,,,,취소 | 다음,0,0,테이블 타입 선택,0,1,테이블 타입 선택,shop,0,,,action,,,,,,,,,,,,exact,exact aria-label,ps-3236afbb,table_type,acted,aria-label-v1,,,,,,,,,,,,,,,,,,,,,,,,,,,,,,,,,,,
run-4b569267-ab39-4ce2-b4a7-e3c0261c16e3,0.2.0,"=""1784078926599""","=""2026-07-15 10:28:46.599""","=""1784079002969""","=""2026-07-15 10:30:02.969""",HANDED_OFF,40,0,https://app.catchtable.co.kr/ct/shop/gwanganmarket,2026-08-20,2,"=""1784079000000""","=""2026-07-15 10:30:00.000""","=""1784079180000""","=""2026-07-15 10:33:00.000""",1020,1200,"{""dryRun"":false,""entryMode"":""auto"",""menuKeyword"":"""",""openAtMs"":1784079000000,""paymentMethodAutoAdvance"":true,""paymentMethodPolicy"":""selected_allowed"",""personCount"":2,""postSlotEnabled"":true,""preOpenLeadMs"":200,""priorityTimes"":[],""reservationDate"":""2026-08-20"",""stopAtMs"":1784079180000,""tablePreference"":""any"",""targetUrl"":""https://app.catchtable.co.kr/ct/shop/gwanganmarket"",""timeRange"":{""endMinutes"":1200,""startMinutes"":1020},""toggleIntervalMs"":100}",37,POST_SLOT_ACTION,trace,content,"=""1784079001124""","=""2026-07-15 10:30:01.124""","=""1784079001542.25""","=""2026-07-15 10:30:01.542""",,6코스(바틀주문 가능) 수량을 1개로 설정했습니다.,,,,,,,,,,,,,,,,,,,,,,,,,,,,,,,,,,,,,,,,,,,,,,,,,,,,- | + | - | + | - | + | 이전 | 확인,0,3,메뉴 선택,3,0,메뉴 선택,shop,0,,,action,,,,,,,,,,,,exact,exact aria-label,ps-148aabb2,menu,acted,aria-label-v1,,,,,,,,,,,,,,,,,,,,,,,,,,,,,,,,,,,
run-4b569267-ab39-4ce2-b4a7-e3c0261c16e3,0.2.0,"=""1784078926599""","=""2026-07-15 10:28:46.599""","=""1784079002969""","=""2026-07-15 10:30:02.969""",HANDED_OFF,40,0,https://app.catchtable.co.kr/ct/shop/gwanganmarket,2026-08-20,2,"=""1784079000000""","=""2026-07-15 10:30:00.000""","=""1784079180000""","=""2026-07-15 10:33:00.000""",1020,1200,"{""dryRun"":false,""entryMode"":""auto"",""menuKeyword"":"""",""openAtMs"":1784079000000,""paymentMethodAutoAdvance"":true,""paymentMethodPolicy"":""selected_allowed"",""personCount"":2,""postSlotEnabled"":true,""preOpenLeadMs"":200,""priorityTimes"":[],""reservationDate"":""2026-08-20"",""stopAtMs"":1784079180000,""tablePreference"":""any"",""targetUrl"":""https://app.catchtable.co.kr/ct/shop/gwanganmarket"",""timeRange"":{""endMinutes"":1200,""startMinutes"":1020},""toggleIntervalMs"":100}",38,POST_SLOT_ACTION,trace,content,"=""1784079001168""","=""2026-07-15 10:30:01.168""","=""1784079001586.55""","=""2026-07-15 10:30:01.586""",,6코스(바틀주문 가능) 수량을 2개로 설정했습니다.,,,,,,,,,,,,,,,,,,,,,,,,,,,,,,,,,,,,,,,,,,,,,,,,,,,,- | + | - | + | - | + | 이전 | 확인,0,2,메뉴 선택,3,0,메뉴 선택,shop,0,,,action,,,,,,,,,,,,exact,exact aria-label,ps-a7123ea6,menu,acted,aria-label-v1,,,,,,,,,,,,,,,,,,,,,,,,,,,,,,,,,,,
run-4b569267-ab39-4ce2-b4a7-e3c0261c16e3,0.2.0,"=""1784078926599""","=""2026-07-15 10:28:46.599""","=""1784079002969""","=""2026-07-15 10:30:02.969""",HANDED_OFF,40,0,https://app.catchtable.co.kr/ct/shop/gwanganmarket,2026-08-20,2,"=""1784079000000""","=""2026-07-15 10:30:00.000""","=""1784079180000""","=""2026-07-15 10:33:00.000""",1020,1200,"{""dryRun"":false,""entryMode"":""auto"",""menuKeyword"":"""",""openAtMs"":1784079000000,""paymentMethodAutoAdvance"":true,""paymentMethodPolicy"":""selected_allowed"",""personCount"":2,""postSlotEnabled"":true,""preOpenLeadMs"":200,""priorityTimes"":[],""reservationDate"":""2026-08-20"",""stopAtMs"":1784079180000,""tablePreference"":""any"",""targetUrl"":""https://app.catchtable.co.kr/ct/shop/gwanganmarket"",""timeRange"":{""endMinutes"":1200,""startMinutes"":1020},""toggleIntervalMs"":100}",39,POST_SLOT_ACTION,trace,content,"=""1784079001214""","=""2026-07-15 10:30:01.214""","=""1784079001632.6501""","=""2026-07-15 10:30:01.632""",,메뉴 수량 선택을 완료했습니다.,,,,,,,,,,,,,,,,,,,,,,,,,,,,,,,,,,,,,,,,,,,,,,,,,,,,- | + | - | + | - | + | 이전 | 확인,0,2,메뉴 선택,3,0,메뉴 선택,shop,0,,,action,,,,,,,,,,,,exact,exact aria-label,ps-a7123ea6,menu,acted,aria-label-v1,,,,,,,,,,,,,,,,,,,,,,,,,,,,,,,,,,,
run-4b569267-ab39-4ce2-b4a7-e3c0261c16e3,0.2.0,"=""1784078926599""","=""2026-07-15 10:28:46.599""","=""1784079002969""","=""2026-07-15 10:30:02.969""",HANDED_OFF,40,0,https://app.catchtable.co.kr/ct/shop/gwanganmarket,2026-08-20,2,"=""1784079000000""","=""2026-07-15 10:30:00.000""","=""1784079180000""","=""2026-07-15 10:33:00.000""",1020,1200,"{""dryRun"":false,""entryMode"":""auto"",""menuKeyword"":"""",""openAtMs"":1784079000000,""paymentMethodAutoAdvance"":true,""paymentMethodPolicy"":""selected_allowed"",""personCount"":2,""postSlotEnabled"":true,""preOpenLeadMs"":200,""priorityTimes"":[],""reservationDate"":""2026-08-20"",""stopAtMs"":1784079180000,""tablePreference"":""any"",""targetUrl"":""https://app.catchtable.co.kr/ct/shop/gwanganmarket"",""timeRange"":{""endMinutes"":1200,""startMinutes"":1020},""toggleIntervalMs"":100}",40,RUN_TERMINATED,trace,content,"=""1784079002969""","=""2026-07-15 10:30:02.969""","=""1784079003386.9502""","=""2026-07-15 10:30:03.386""",HANDED_OFF,예약 폼에 도착했습니다. 약관 확인과 최종 예약은 직접 진행하세요.,,,,,,,,,,,,,,,,,,,,,,,,,,,,,,,,,,,,,,,,,,,,,,,,,,,,,0,0,,0,0,,reservation_form,0,,,state,,,,,,,,1869,,,,exact,reservation form URL,ps-b325a803,form,,reservation-form-url-v1,,,,,,,,,,,,,,HANDED_OFF,,,,,,,,,,,1784079001868.55,,,,,,,,,,